[2026-07-29T11:40:34.523Z] ==================================================
[2026-07-29T11:40:34.526Z] Starting 30-Day Continuous Training & Evaluation Daemon
[2026-07-29T11:40:34.526Z] Started at: 2026-07-29T11:40:34.522Z
[2026-07-29T11:40:34.526Z] Target End Time: 2026-08-28T11:40:34.522Z
[2026-07-29T11:40:34.526Z] ==================================================
[2026-07-29T11:40:34.526Z] 
--- Continuous Training Loop Iteration #1 ---
[2026-07-29T11:40:34.526Z] Elapsed: 0.00 hours | Remaining: 720.00 hours
[2026-07-29T11:40:34.526Z] [Step 1/3] Running Selector Resilience Simulation Benchmark...
[2026-07-29T11:40:35.753Z] Resilience Result: Semantic targeting success rate=100%, delta=0.8
[2026-07-29T11:40:35.754Z] [Step 2/3] Running 3D Game Training & PyTorch Fitting...
[2026-07-29T11:41:26.755Z] PyTorch Fit Result: loss=6.5129, valLoss=6.3972, accuracy=68.4%
[2026-07-29T11:41:26.756Z] [Step 3/3] Running Public-Web Skill Store Training...
[2026-07-29T11:41:30.287Z] Public Web Training note/result: Unknown public-web training scenario "wikipedia". Choose one of: wikipedia-search, mdn-search, github-issue-filter, openstreetmap-place-search.

[2026-07-29T11:41:30.288Z] Status file updated: /home/opc/computerintent/.lhic/continuous-training-status.json
[2026-07-29T11:41:30.288Z] Sleeping for 60s before next iteration...
[2026-07-29T11:42:04.286Z] ==================================================
[2026-07-29T11:42:04.288Z] Starting 30-Day Continuous Training & Evaluation Daemon
[2026-07-29T11:42:04.289Z] Started at: 2026-07-29T11:42:04.286Z
[2026-07-29T11:42:04.289Z] Target End Time: 2026-08-28T11:42:04.286Z
[2026-07-29T11:42:04.289Z] ==================================================
[2026-07-29T11:42:04.289Z] 
--- Continuous Training Loop Iteration #1 ---
[2026-07-29T11:42:04.289Z] Elapsed: 0.00 hours | Remaining: 720.00 hours
[2026-07-29T11:42:04.289Z] [Step 1/3] Running Selector Resilience Simulation Benchmark...
[2026-07-29T11:42:05.523Z] Resilience Result: Semantic targeting success rate=100%, delta=0.8
[2026-07-29T11:42:05.524Z] [Step 2/3] Running 3D Game Training & PyTorch Fitting...
[2026-07-29T11:42:56.925Z] PyTorch Fit Result: loss=6.5144, valLoss=6.3950, accuracy=68.4%
[2026-07-29T11:42:56.926Z] [Step 3/3] Running Public-Web Skill Store Training...
[2026-07-29T11:43:03.403Z] Public Web Training succeeded for query: "Antigravity Agentic Coding"
[2026-07-29T11:43:03.404Z] Status file updated: /home/opc/computerintent/.lhic/continuous-training-status.json
[2026-07-29T11:43:03.404Z] Sleeping for 60s before next iteration...
[2026-07-29T11:44:03.409Z] 
--- Continuous Training Loop Iteration #2 ---
[2026-07-29T11:44:03.410Z] Elapsed: 0.03 hours | Remaining: 719.97 hours
[2026-07-29T11:44:03.410Z] [Step 1/3] Running Selector Resilience Simulation Benchmark...
[2026-07-29T11:44:04.603Z] Resilience Result: Semantic targeting success rate=100%, delta=0.8
[2026-07-29T11:44:04.604Z] [Step 2/3] Running 3D Game Training & PyTorch Fitting...
[2026-07-29T11:44:51.909Z] PyTorch Fit Result: loss=6.6306, valLoss=6.5002, accuracy=68.0%
[2026-07-29T11:44:51.910Z] [Step 3/3] Running Public-Web Skill Store Training...
[2026-07-29T11:44:58.217Z] Public Web Training succeeded for query: "Local Human Intent Controller"
[2026-07-29T11:44:58.218Z] Status file updated: /home/opc/computerintent/.lhic/continuous-training-status.json
[2026-07-29T11:44:58.218Z] Sleeping for 60s before next iteration...
[2026-07-29T11:45:58.222Z] 
--- Continuous Training Loop Iteration #3 ---
[2026-07-29T11:45:58.222Z] Elapsed: 0.06 hours | Remaining: 719.94 hours
[2026-07-29T11:45:58.222Z] [Step 1/3] Running Selector Resilience Simulation Benchmark...
[2026-07-29T11:45:59.404Z] Resilience Result: Semantic targeting success rate=100%, delta=0.8
[2026-07-29T11:45:59.404Z] [Step 2/3] Running 3D Game Training & PyTorch Fitting...
[2026-07-29T11:46:46.837Z] PyTorch Fit Result: loss=6.6834, valLoss=6.5851, accuracy=68.3%
[2026-07-29T11:46:46.838Z] [Step 3/3] Running Public-Web Skill Store Training...
[2026-07-29T11:46:53.409Z] Public Web Training succeeded for query: "Deterministic Computer Automation"
[2026-07-29T11:46:53.410Z] Status file updated: /home/opc/computerintent/.lhic/continuous-training-status.json
[2026-07-29T11:46:53.410Z] Sleeping for 60s before next iteration...
[2026-07-29T11:47:53.414Z] 
--- Continuous Training Loop Iteration #4 ---
[2026-07-29T11:47:53.414Z] Elapsed: 0.10 hours | Remaining: 719.90 hours
[2026-07-29T11:47:53.414Z] [Step 1/3] Running Selector Resilience Simulation Benchmark...
[2026-07-29T11:47:54.618Z] Resilience Result: Semantic targeting success rate=100%, delta=0.8
[2026-07-29T11:47:54.619Z] [Step 2/3] Running 3D Game Training & PyTorch Fitting...
[2026-07-29T11:48:45.021Z] PyTorch Fit Result: loss=6.6360, valLoss=6.5168, accuracy=65.6%
[2026-07-29T11:48:45.022Z] [Step 3/3] Running Public-Web Skill Store Training...
[2026-07-29T11:48:51.332Z] Public Web Training succeeded for query: "Verifier Evidence Framework"
[2026-07-29T11:48:51.332Z] Status file updated: /home/opc/computerintent/.lhic/continuous-training-status.json
[2026-07-29T11:48:51.332Z] Sleeping for 60s before next iteration...
[2026-07-29T11:49:51.336Z] 
--- Continuous Training Loop Iteration #5 ---
[2026-07-29T11:49:51.336Z] Elapsed: 0.13 hours | Remaining: 719.87 hours
[2026-07-29T11:49:51.336Z] [Step 1/3] Running Selector Resilience Simulation Benchmark...
[2026-07-29T11:49:52.501Z] Resilience Result: Semantic targeting success rate=100%, delta=0.8
[2026-07-29T11:49:52.501Z] [Step 2/3] Running 3D Game Training & PyTorch Fitting...
[2026-07-29T11:50:43.084Z] PyTorch Fit Result: loss=6.5912, valLoss=6.4776, accuracy=58.5%
[2026-07-29T11:50:43.085Z] [Step 3/3] Running Public-Web Skill Store Training...
[2026-07-29T11:50:49.509Z] Public Web Training succeeded for query: "Antigravity Agentic Coding"
[2026-07-29T11:50:49.509Z] Status file updated: /home/opc/computerintent/.lhic/continuous-training-status.json
[2026-07-29T11:50:49.509Z] Sleeping for 60s before next iteration...
[2026-07-29T11:51:49.513Z] 
--- Continuous Training Loop Iteration #6 ---
[2026-07-29T11:51:49.513Z] Elapsed: 0.16 hours | Remaining: 719.84 hours
[2026-07-29T11:51:49.513Z] [Step 1/3] Running Selector Resilience Simulation Benchmark...
[2026-07-29T11:51:50.684Z] Resilience Result: Semantic targeting success rate=100%, delta=0.8
[2026-07-29T11:51:50.684Z] [Step 2/3] Running 3D Game Training & PyTorch Fitting...
[2026-07-29T11:52:41.323Z] PyTorch Fit Result: loss=6.6517, valLoss=6.5528, accuracy=42.6%
[2026-07-29T11:52:41.324Z] [Step 3/3] Running Public-Web Skill Store Training...
[2026-07-29T11:52:47.737Z] Public Web Training succeeded for query: "Local Human Intent Controller"
[2026-07-29T11:52:47.737Z] Status file updated: /home/opc/computerintent/.lhic/continuous-training-status.json
[2026-07-29T11:52:47.737Z] Sleeping for 60s before next iteration...
[2026-07-29T11:53:47.743Z] 
--- Continuous Training Loop Iteration #7 ---
[2026-07-29T11:53:47.744Z] Elapsed: 0.20 hours | Remaining: 719.80 hours
[2026-07-29T11:53:47.744Z] [Step 1/3] Running Selector Resilience Simulation Benchmark...
[2026-07-29T11:53:48.940Z] Resilience Result: Semantic targeting success rate=100%, delta=0.8
[2026-07-29T11:53:48.940Z] [Step 2/3] Running 3D Game Training & PyTorch Fitting...
[2026-07-29T11:54:39.440Z] PyTorch Fit Result: loss=6.6097, valLoss=6.5008, accuracy=46.3%
[2026-07-29T11:54:39.441Z] [Step 3/3] Running Public-Web Skill Store Training...
[2026-07-29T11:54:45.869Z] Public Web Training succeeded for query: "Deterministic Computer Automation"
[2026-07-29T11:54:45.870Z] Status file updated: /home/opc/computerintent/.lhic/continuous-training-status.json
[2026-07-29T11:54:45.870Z] Sleeping for 60s before next iteration...
[2026-07-29T11:55:45.875Z] 
--- Continuous Training Loop Iteration #8 ---
[2026-07-29T11:55:45.875Z] Elapsed: 0.23 hours | Remaining: 719.77 hours
[2026-07-29T11:55:45.875Z] [Step 1/3] Running Selector Resilience Simulation Benchmark...
[2026-07-29T11:55:47.013Z] Resilience Result: Semantic targeting success rate=100%, delta=0.8
[2026-07-29T11:55:47.013Z] [Step 2/3] Running 3D Game Training & PyTorch Fitting...
[2026-07-29T11:56:37.492Z] PyTorch Fit Result: loss=6.5571, valLoss=6.3980, accuracy=66.9%
[2026-07-29T11:56:37.493Z] [Step 3/3] Running Public-Web Skill Store Training...
[2026-07-29T11:56:43.858Z] Public Web Training succeeded for query: "Verifier Evidence Framework"
[2026-07-29T11:56:43.858Z] Status file updated: /home/opc/computerintent/.lhic/continuous-training-status.json
[2026-07-29T11:56:43.858Z] Sleeping for 60s before next iteration...
[2026-07-29T11:57:43.864Z] 
--- Continuous Training Loop Iteration #9 ---
[2026-07-29T11:57:43.864Z] Elapsed: 0.26 hours | Remaining: 719.74 hours
[2026-07-29T11:57:43.864Z] [Step 1/3] Running Selector Resilience Simulation Benchmark...
[2026-07-29T11:57:45.083Z] Resilience Result: Semantic targeting success rate=100%, delta=0.8
[2026-07-29T11:57:45.084Z] [Step 2/3] Running 3D Game Training & PyTorch Fitting...
[2026-07-29T11:58:31.827Z] PyTorch Fit Result: loss=6.5512, valLoss=6.4131, accuracy=68.0%
[2026-07-29T11:58:31.828Z] [Step 3/3] Running Public-Web Skill Store Training...
[2026-07-29T11:58:38.665Z] Public Web Training succeeded for query: "Antigravity Agentic Coding"
[2026-07-29T11:58:38.666Z] Status file updated: /home/opc/computerintent/.lhic/continuous-training-status.json
[2026-07-29T11:58:38.666Z] Sleeping for 60s before next iteration...
[2026-07-29T11:59:38.670Z] 
--- Continuous Training Loop Iteration #10 ---
[2026-07-29T11:59:38.671Z] Elapsed: 0.29 hours | Remaining: 719.71 hours
[2026-07-29T11:59:38.671Z] [Step 1/3] Running Selector Resilience Simulation Benchmark...
[2026-07-29T11:59:39.759Z] Resilience Result: Semantic targeting success rate=100%, delta=0.8
[2026-07-29T11:59:39.759Z] [Step 2/3] Running 3D Game Training & PyTorch Fitting...
[2026-07-29T12:00:31.225Z] PyTorch Fit Result: loss=6.5368, valLoss=6.4105, accuracy=58.1%
[2026-07-29T12:00:31.226Z] [Step 3/3] Running Public-Web Skill Store Training...
[2026-07-29T12:00:37.335Z] Public Web Training succeeded for query: "Local Human Intent Controller"
[2026-07-29T12:00:37.335Z] Status file updated: /home/opc/computerintent/.lhic/continuous-training-status.json
[2026-07-29T12:00:37.335Z] Sleeping for 60s before next iteration...
[2026-07-29T12:01:37.340Z] 
--- Continuous Training Loop Iteration #11 ---
[2026-07-29T12:01:37.340Z] Elapsed: 0.33 hours | Remaining: 719.67 hours
[2026-07-29T12:01:37.340Z] [Step 1/3] Running Selector Resilience Simulation Benchmark...
[2026-07-29T12:01:38.502Z] Resilience Result: Semantic targeting success rate=100%, delta=0.8
[2026-07-29T12:01:38.502Z] [Step 2/3] Running 3D Game Training & PyTorch Fitting...
[2026-07-29T12:02:25.342Z] PyTorch Fit Result: loss=6.5885, valLoss=6.4237, accuracy=68.0%
[2026-07-29T12:02:25.343Z] [Step 3/3] Running Public-Web Skill Store Training...
[2026-07-29T12:02:31.710Z] Public Web Training succeeded for query: "Deterministic Computer Automation"
[2026-07-29T12:02:31.710Z] Status file updated: /home/opc/computerintent/.lhic/continuous-training-status.json
[2026-07-29T12:02:31.710Z] Sleeping for 60s before next iteration...
[2026-07-29T12:03:31.716Z] 
--- Continuous Training Loop Iteration #12 ---
[2026-07-29T12:03:31.717Z] Elapsed: 0.36 hours | Remaining: 719.64 hours
[2026-07-29T12:03:31.717Z] [Step 1/3] Running Selector Resilience Simulation Benchmark...
[2026-07-29T12:03:32.876Z] Resilience Result: Semantic targeting success rate=100%, delta=0.8
[2026-07-29T12:03:32.876Z] [Step 2/3] Running 3D Game Training & PyTorch Fitting...
[2026-07-29T12:04:14.379Z] ==================================================
[2026-07-29T12:04:14.380Z] Starting 30-Day Continuous Training Daemon (Full Throttle)
[2026-07-29T12:04:14.381Z] Started at: 2026-07-29T12:04:14.378Z
[2026-07-29T12:04:14.381Z] Target End Time: 2026-08-28T12:04:14.378Z
[2026-07-29T12:04:14.381Z] ==================================================
[2026-07-29T12:04:14.381Z] 
--- Continuous Training Loop Iteration #1 ---
[2026-07-29T12:04:14.381Z] Elapsed: 0.00 hours | Remaining: 720.00 hours
[2026-07-29T12:04:14.381Z] [Step 1/3] Running Selector Resilience Simulation Benchmark (20 tasks)...
[2026-07-29T12:04:15.576Z] Resilience Result: Semantic targeting success rate=100%, delta=0.8
[2026-07-29T12:04:15.576Z] [Step 2/3] Running 3D Game Training & PyTorch Fitting (Full Throttle)...
[2026-07-29T12:05:06.928Z] PyTorch Fit Result: loss=6.5083, valLoss=6.3976, accuracy=68.0%
[2026-07-29T12:05:06.928Z] [Step 3/3] Running Public-Web Skill Store Training...
[2026-07-29T12:05:13.102Z] Public Web Training succeeded for query: "Antigravity Agentic Coding"
[2026-07-29T12:05:13.102Z] Status file updated: /home/opc/computerintent/.lhic/continuous-training-status.json
[2026-07-29T12:05:13.103Z] [GitHub Sync] Committing iteration metrics & pushing to origin/training-results...
[2026-07-29T12:05:13.394Z] [GitHub Sync Note] Push skipped/pending authentication: Command failed: git push origin training-results || git push -u origin training-results
fatal: could not read Username for 'https://github.com': No su
[2026-07-29T12:05:13.394Z] Full throttle mode: sleeping 5s before next iteration...
[2026-07-29T12:05:18.398Z] 
--- Continuous Training Loop Iteration #2 ---
[2026-07-29T12:05:18.398Z] Elapsed: 0.02 hours | Remaining: 719.98 hours
[2026-07-29T12:05:18.398Z] [Step 1/3] Running Selector Resilience Simulation Benchmark (20 tasks)...
[2026-07-29T12:05:19.511Z] Resilience Result: Semantic targeting success rate=100%, delta=0.8
[2026-07-29T12:05:19.511Z] [Step 2/3] Running 3D Game Training & PyTorch Fitting (Full Throttle)...
[2026-07-29T12:06:09.634Z] PyTorch Fit Result: loss=6.6314, valLoss=6.5013, accuracy=68.4%
[2026-07-29T12:06:09.634Z] [Step 3/3] Running Public-Web Skill Store Training...
[2026-07-29T12:06:16.028Z] Public Web Training succeeded for query: "Local Human Intent Controller"
[2026-07-29T12:06:16.029Z] Status file updated: /home/opc/computerintent/.lhic/continuous-training-status.json
[2026-07-29T12:06:16.029Z] [GitHub Sync] Committing iteration metrics & pushing to origin/training-results...
[2026-07-29T12:06:16.304Z] [GitHub Sync Note] Push skipped/pending authentication: Command failed: git push origin training-results || git push -u origin training-results
fatal: could not read Username for 'https://github.com': No su
[2026-07-29T12:06:16.304Z] Full throttle mode: sleeping 5s before next iteration...
[2026-07-29T12:06:21.308Z] 
--- Continuous Training Loop Iteration #3 ---
[2026-07-29T12:06:21.308Z] Elapsed: 0.04 hours | Remaining: 719.96 hours
[2026-07-29T12:06:21.308Z] [Step 1/3] Running Selector Resilience Simulation Benchmark (20 tasks)...
[2026-07-29T12:06:22.493Z] Resilience Result: Semantic targeting success rate=100%, delta=0.8
[2026-07-29T12:06:22.493Z] [Step 2/3] Running 3D Game Training & PyTorch Fitting (Full Throttle)...
[2026-07-29T12:07:08.781Z] PyTorch Fit Result: loss=6.6842, valLoss=6.5897, accuracy=67.6%
[2026-07-29T12:07:08.781Z] [Step 3/3] Running Public-Web Skill Store Training...
[2026-07-29T12:07:15.356Z] Public Web Training succeeded for query: "Deterministic Computer Automation"
[2026-07-29T12:07:15.357Z] Status file updated: /home/opc/computerintent/.lhic/continuous-training-status.json
[2026-07-29T12:07:15.357Z] [GitHub Sync] Committing iteration metrics & pushing to origin/training-results...
[2026-07-29T12:07:15.636Z] [GitHub Sync Note] Push skipped/pending authentication: Command failed: git push origin training-results || git push -u origin training-results
fatal: could not read Username for 'https://github.com': No su
[2026-07-29T12:07:15.636Z] Full throttle mode: sleeping 5s before next iteration...
[2026-07-29T12:07:20.640Z] 
--- Continuous Training Loop Iteration #4 ---
[2026-07-29T12:07:20.640Z] Elapsed: 0.05 hours | Remaining: 719.95 hours
[2026-07-29T12:07:20.640Z] [Step 1/3] Running Selector Resilience Simulation Benchmark (20 tasks)...
[2026-07-29T12:07:21.859Z] Resilience Result: Semantic targeting success rate=100%, delta=0.8
[2026-07-29T12:07:21.860Z] [Step 2/3] Running 3D Game Training & PyTorch Fitting (Full Throttle)...
[2026-07-29T12:08:12.536Z] PyTorch Fit Result: loss=6.6408, valLoss=6.5172, accuracy=67.3%
[2026-07-29T12:08:12.537Z] [Step 3/3] Running Public-Web Skill Store Training...
[2026-07-29T12:08:18.920Z] Public Web Training succeeded for query: "Verifier Evidence Framework"
[2026-07-29T12:08:18.921Z] Status file updated: /home/opc/computerintent/.lhic/continuous-training-status.json
[2026-07-29T12:08:18.921Z] [GitHub Sync] Committing iteration metrics & pushing to origin/training-results...
[2026-07-29T12:08:19.211Z] [GitHub Sync Note] Push skipped/pending authentication: Command failed: git push origin training-results || git push -u origin training-results
fatal: could not read Username for 'https://github.com': No su
[2026-07-29T12:08:19.211Z] Full throttle mode: sleeping 5s before next iteration...
[2026-07-29T12:08:24.215Z] 
--- Continuous Training Loop Iteration #5 ---
[2026-07-29T12:08:24.216Z] Elapsed: 0.07 hours | Remaining: 719.93 hours
[2026-07-29T12:08:24.216Z] [Step 1/3] Running Selector Resilience Simulation Benchmark (20 tasks)...
[2026-07-29T12:08:25.402Z] Resilience Result: Semantic targeting success rate=100%, delta=0.8
[2026-07-29T12:08:25.402Z] [Step 2/3] Running 3D Game Training & PyTorch Fitting (Full Throttle)...
[2026-07-29T12:09:12.338Z] PyTorch Fit Result: loss=6.5920, valLoss=6.4734, accuracy=59.0%
[2026-07-29T12:09:12.339Z] [Step 3/3] Running Public-Web Skill Store Training...
[2026-07-29T12:09:18.839Z] Public Web Training succeeded for query: "Antigravity Agentic Coding"
[2026-07-29T12:09:18.840Z] Status file updated: /home/opc/computerintent/.lhic/continuous-training-status.json
[2026-07-29T12:09:18.840Z] [GitHub Sync] Committing iteration metrics & pushing to origin/training-results...
[2026-07-29T12:09:19.114Z] [GitHub Sync Note] Push skipped/pending authentication: Command failed: git push origin training-results || git push -u origin training-results
fatal: could not read Username for 'https://github.com': No su
[2026-07-29T12:09:19.114Z] Full throttle mode: sleeping 5s before next iteration...
[2026-07-29T12:09:24.119Z] 
--- Continuous Training Loop Iteration #6 ---
[2026-07-29T12:09:24.119Z] Elapsed: 0.09 hours | Remaining: 719.91 hours
[2026-07-29T12:09:24.119Z] [Step 1/3] Running Selector Resilience Simulation Benchmark (20 tasks)...
[2026-07-29T12:09:25.229Z] Resilience Result: Semantic targeting success rate=100%, delta=0.8
[2026-07-29T12:09:25.229Z] [Step 2/3] Running 3D Game Training & PyTorch Fitting (Full Throttle)...
[2026-07-29T12:10:12.397Z] PyTorch Fit Result: loss=6.6516, valLoss=6.5538, accuracy=42.6%
[2026-07-29T12:10:12.397Z] [Step 3/3] Running Public-Web Skill Store Training...
[2026-07-29T12:10:18.703Z] Public Web Training succeeded for query: "Local Human Intent Controller"
[2026-07-29T12:10:18.704Z] Status file updated: /home/opc/computerintent/.lhic/continuous-training-status.json
[2026-07-29T12:10:18.704Z] [GitHub Sync] Committing iteration metrics & pushing to origin/training-results...
[2026-07-29T12:10:18.996Z] [GitHub Sync Note] Push skipped/pending authentication: Command failed: git push origin training-results || git push -u origin training-results
fatal: could not read Username for 'https://github.com': No su
[2026-07-29T12:10:18.996Z] Full throttle mode: sleeping 5s before next iteration...
[2026-07-29T12:10:24.000Z] 
--- Continuous Training Loop Iteration #7 ---
[2026-07-29T12:10:24.000Z] Elapsed: 0.10 hours | Remaining: 719.90 hours
[2026-07-29T12:10:24.000Z] [Step 1/3] Running Selector Resilience Simulation Benchmark (20 tasks)...
[2026-07-29T12:10:25.208Z] Resilience Result: Semantic targeting success rate=100%, delta=0.8
[2026-07-29T12:10:25.208Z] [Step 2/3] Running 3D Game Training & PyTorch Fitting (Full Throttle)...
[2026-07-29T12:11:15.601Z] PyTorch Fit Result: loss=6.6096, valLoss=6.4997, accuracy=46.3%
[2026-07-29T12:11:15.602Z] [Step 3/3] Running Public-Web Skill Store Training...
[2026-07-29T12:11:21.754Z] Public Web Training succeeded for query: "Deterministic Computer Automation"
[2026-07-29T12:11:21.755Z] Status file updated: /home/opc/computerintent/.lhic/continuous-training-status.json
[2026-07-29T12:11:21.755Z] [GitHub Sync] Committing iteration metrics & pushing to origin/training-results...
[2026-07-29T12:11:22.046Z] [GitHub Sync Note] Push skipped/pending authentication: Command failed: git push origin training-results || git push -u origin training-results
fatal: could not read Username for 'https://github.com': No su
[2026-07-29T12:11:22.046Z] Full throttle mode: sleeping 5s before next iteration...
[2026-07-29T12:11:27.050Z] 
--- Continuous Training Loop Iteration #8 ---
[2026-07-29T12:11:27.050Z] Elapsed: 0.12 hours | Remaining: 719.88 hours
[2026-07-29T12:11:27.050Z] [Step 1/3] Running Selector Resilience Simulation Benchmark (20 tasks)...
[2026-07-29T12:11:28.188Z] Resilience Result: Semantic targeting success rate=100%, delta=0.8
[2026-07-29T12:11:28.188Z] [Step 2/3] Running 3D Game Training & PyTorch Fitting (Full Throttle)...
[2026-07-29T12:12:19.231Z] PyTorch Fit Result: loss=6.5578, valLoss=6.3995, accuracy=66.8%
[2026-07-29T12:12:19.232Z] [Step 3/3] Running Public-Web Skill Store Training...
[2026-07-29T12:12:25.895Z] Public Web Training succeeded for query: "Verifier Evidence Framework"
[2026-07-29T12:12:25.895Z] Status file updated: /home/opc/computerintent/.lhic/continuous-training-status.json
[2026-07-29T12:12:25.895Z] [GitHub Sync] Committing iteration metrics & pushing to origin/training-results...
[2026-07-29T12:12:26.185Z] [GitHub Sync Note] Push skipped/pending authentication: Command failed: git push origin training-results || git push -u origin training-results
fatal: could not read Username for 'https://github.com': No su
[2026-07-29T12:12:26.186Z] Full throttle mode: sleeping 5s before next iteration...
[2026-07-29T12:12:31.190Z] 
--- Continuous Training Loop Iteration #9 ---
[2026-07-29T12:12:31.190Z] Elapsed: 0.14 hours | Remaining: 719.86 hours
[2026-07-29T12:12:31.190Z] [Step 1/3] Running Selector Resilience Simulation Benchmark (20 tasks)...
[2026-07-29T12:12:32.301Z] Resilience Result: Semantic targeting success rate=100%, delta=0.8
[2026-07-29T12:12:32.302Z] [Step 2/3] Running 3D Game Training & PyTorch Fitting (Full Throttle)...
[2026-07-29T12:12:52.175Z] ==================================================
[2026-07-29T12:12:52.177Z] Starting 30-Day Continuous Training Daemon (HIGH PERFORMANCE 100% CPU MODE)
[2026-07-29T12:12:52.177Z] System Cores Detected: 20 vCPUs | Parallel Workers: 8
[2026-07-29T12:12:52.177Z] Started at: 2026-07-29T12:12:52.174Z
[2026-07-29T12:12:52.177Z] Target End Time: 2026-08-28T12:12:52.174Z
[2026-07-29T12:12:52.177Z] ==================================================
[2026-07-29T12:12:52.177Z] 
--- Continuous High-Power Training Loop Iteration #1 ---
[2026-07-29T12:12:52.177Z] Elapsed: 0.00 hours | Remaining: 720.00 hours
[2026-07-29T12:12:52.177Z] [Step 1/3] Running Parallel Resilience Simulation Benchmark (100 tasks across 20 threads)...
[2026-07-29T12:12:54.788Z] Resilience Result: Semantic targeting success rate=100%, delta=0.8
[2026-07-29T12:12:54.789Z] [Step 2/3] Running High-Throughput PyTorch 3D Policy Fitting...
[2026-07-29T12:13:44.961Z] PyTorch Fit Result: loss=6.5109, valLoss=6.3980, accuracy=68.3%
[2026-07-29T12:13:44.962Z] [Step 3/3] Running Public-Web Skill Store Candidate Training...
[2026-07-29T12:13:51.068Z] Public Web Training succeeded for query: "Antigravity Agentic Coding"
[2026-07-29T12:13:51.069Z] Status file updated: /home/opc/computerintent/.lhic/continuous-training-status.json
[2026-07-29T12:13:51.069Z] [GitHub Sync] Committing iteration metrics & pushing to origin/training-results...
[2026-07-29T12:13:51.356Z] [GitHub Sync Note] Push skipped/pending authentication: Command failed: git push origin training-results || git push -u origin training-results
fatal: could not read Username for 'https://github.com': No su
[2026-07-29T12:13:52.359Z] 
--- Continuous High-Power Training Loop Iteration #2 ---
[2026-07-29T12:13:52.360Z] Elapsed: 0.02 hours | Remaining: 719.98 hours
[2026-07-29T12:13:52.360Z] [Step 1/3] Running Parallel Resilience Simulation Benchmark (100 tasks across 20 threads)...
[2026-07-29T12:13:54.897Z] Resilience Result: Semantic targeting success rate=100%, delta=0.8
[2026-07-29T12:13:54.897Z] [Step 2/3] Running High-Throughput PyTorch 3D Policy Fitting...
[2026-07-29T12:14:45.620Z] PyTorch Fit Result: loss=6.6319, valLoss=6.4966, accuracy=68.3%
[2026-07-29T12:14:45.621Z] [Step 3/3] Running Public-Web Skill Store Candidate Training...
[2026-07-29T12:14:52.015Z] Public Web Training succeeded for query: "Local Human Intent Controller"
[2026-07-29T12:14:52.016Z] Status file updated: /home/opc/computerintent/.lhic/continuous-training-status.json
[2026-07-29T12:14:52.016Z] [GitHub Sync] Committing iteration metrics & pushing to origin/training-results...
[2026-07-29T12:14:52.312Z] [GitHub Sync Note] Push skipped/pending authentication: Command failed: git push origin training-results || git push -u origin training-results
fatal: could not read Username for 'https://github.com': No su
[2026-07-29T12:14:53.315Z] 
--- Continuous High-Power Training Loop Iteration #3 ---
[2026-07-29T12:14:53.316Z] Elapsed: 0.03 hours | Remaining: 719.97 hours
[2026-07-29T12:14:53.316Z] [Step 1/3] Running Parallel Resilience Simulation Benchmark (100 tasks across 20 threads)...
[2026-07-29T12:14:55.922Z] Resilience Result: Semantic targeting success rate=100%, delta=0.8
[2026-07-29T12:14:55.923Z] [Step 2/3] Running High-Throughput PyTorch 3D Policy Fitting...
[2026-07-29T12:15:47.759Z] PyTorch Fit Result: loss=6.6808, valLoss=6.5865, accuracy=68.3%
[2026-07-29T12:15:47.760Z] [Step 3/3] Running Public-Web Skill Store Candidate Training...
[2026-07-29T12:15:53.963Z] Public Web Training succeeded for query: "Deterministic Computer Automation"
[2026-07-29T12:15:53.963Z] Status file updated: /home/opc/computerintent/.lhic/continuous-training-status.json
[2026-07-29T12:15:53.963Z] [GitHub Sync] Committing iteration metrics & pushing to origin/training-results...
[2026-07-29T12:15:54.251Z] [GitHub Sync Note] Push skipped/pending authentication: Command failed: git push origin training-results || git push -u origin training-results
fatal: could not read Username for 'https://github.com': No su
[2026-07-29T12:15:55.255Z] 
--- Continuous High-Power Training Loop Iteration #4 ---
[2026-07-29T12:15:55.255Z] Elapsed: 0.05 hours | Remaining: 719.95 hours
[2026-07-29T12:15:55.255Z] [Step 1/3] Running Parallel Resilience Simulation Benchmark (100 tasks across 20 threads)...
[2026-07-29T12:15:57.818Z] Resilience Result: Semantic targeting success rate=100%, delta=0.8
[2026-07-29T12:15:57.818Z] [Step 2/3] Running High-Throughput PyTorch 3D Policy Fitting...
[2026-07-29T12:16:44.738Z] PyTorch Fit Result: loss=6.6410, valLoss=6.5187, accuracy=66.8%
[2026-07-29T12:16:44.739Z] [Step 3/3] Running Public-Web Skill Store Candidate Training...
[2026-07-29T12:16:51.191Z] Public Web Training succeeded for query: "Verifier Evidence Framework"
[2026-07-29T12:16:51.192Z] Status file updated: /home/opc/computerintent/.lhic/continuous-training-status.json
[2026-07-29T12:16:51.192Z] [GitHub Sync] Committing iteration metrics & pushing to origin/training-results...
[2026-07-29T12:16:51.476Z] [GitHub Sync Note] Push skipped/pending authentication: Command failed: git push origin training-results || git push -u origin training-results
fatal: could not read Username for 'https://github.com': No su
[2026-07-29T12:16:52.480Z] 
--- Continuous High-Power Training Loop Iteration #5 ---
[2026-07-29T12:16:52.480Z] Elapsed: 0.07 hours | Remaining: 719.93 hours
[2026-07-29T12:16:52.480Z] [Step 1/3] Running Parallel Resilience Simulation Benchmark (100 tasks across 20 threads)...
[2026-07-29T12:16:55.169Z] Resilience Result: Semantic targeting success rate=100%, delta=0.8
[2026-07-29T12:16:55.169Z] [Step 2/3] Running High-Throughput PyTorch 3D Policy Fitting...
[2026-07-29T12:17:42.285Z] PyTorch Fit Result: loss=6.5922, valLoss=6.4731, accuracy=59.0%
[2026-07-29T12:17:42.285Z] [Step 3/3] Running Public-Web Skill Store Candidate Training...
[2026-07-29T12:17:48.885Z] Public Web Training succeeded for query: "Antigravity Agentic Coding"
[2026-07-29T12:17:48.885Z] Status file updated: /home/opc/computerintent/.lhic/continuous-training-status.json
[2026-07-29T12:17:48.885Z] [GitHub Sync] Committing iteration metrics & pushing to origin/training-results...
[2026-07-29T12:17:49.174Z] [GitHub Sync Note] Push skipped/pending authentication: Command failed: git push origin training-results || git push -u origin training-results
fatal: could not read Username for 'https://github.com': No su
[2026-07-29T12:17:50.179Z] 
--- Continuous High-Power Training Loop Iteration #6 ---
[2026-07-29T12:17:50.179Z] Elapsed: 0.08 hours | Remaining: 719.92 hours
[2026-07-29T12:17:50.179Z] [Step 1/3] Running Parallel Resilience Simulation Benchmark (100 tasks across 20 threads)...
[2026-07-29T12:17:52.891Z] Resilience Result: Semantic targeting success rate=100%, delta=0.8
[2026-07-29T12:17:52.891Z] [Step 2/3] Running High-Throughput PyTorch 3D Policy Fitting...
[2026-07-29T12:18:31.873Z] ==================================================
[2026-07-29T12:18:31.875Z] LHIC 100,000 Task Suite Trainer (100% CPU FULL THROTTLE MODE)
[2026-07-29T12:18:31.875Z] System Cores: 20 vCPUs | Parallel Workers: 16
[2026-07-29T12:18:31.893Z] Target Suite Size: 100,000 Tasks
[2026-07-29T12:18:31.893Z] Started at: 2026-07-29T12:18:31.872Z
[2026-07-29T12:18:31.893Z] Target End Time: 2026-08-28T12:18:31.872Z
[2026-07-29T12:18:31.893Z] ==================================================
[2026-07-29T12:18:31.893Z] 
--- 100k Task Suite Cycle #1 (Tasks Completed: 50 / 100,000) ---
[2026-07-29T12:18:31.893Z] Elapsed: 0.00 hours | Remaining: 720.00 hours
[2026-07-29T12:18:31.893Z] [Step 1/3] Processing Parallel Resilience Simulation Benchmark (100 tasks on 20 threads)...
[2026-07-29T12:18:34.376Z] Resilience Result: Semantic targeting success rate=100%, delta=0.8
[2026-07-29T12:18:34.377Z] [Step 2/3] Training PyTorch 3D Behavior Cloning Neural Net across 20 threads...
[2026-07-29T12:19:26.523Z] PyTorch Fit Result: loss=6.5109, valLoss=6.3995, accuracy=68.0%
[2026-07-29T12:19:26.524Z] [Step 3/3] Training Verified Public-Web Candidate Skills into SQLite Store...
[2026-07-29T12:19:33.195Z] Public Web Skill Candidate Succeeded: "Antigravity Agentic Coding" (Saved to SQLite Skill Store)
[2026-07-29T12:19:33.196Z] Status file updated: /home/opc/computerintent/.lhic/continuous-training-status.json
[2026-07-29T12:19:33.196Z] [GitHub Sync] Committing 100k task suite iteration & pushing to origin/training-results...
[2026-07-29T12:19:33.479Z] [GitHub Sync Note] Push result: Command failed: git push origin training-results || git push -u origin training-results
fatal: could not read Username for 'https://github.com': No su
[2026-07-29T12:19:34.484Z] 
--- 100k Task Suite Cycle #2 (Tasks Completed: 100 / 100,000) ---
[2026-07-29T12:19:34.484Z] Elapsed: 0.02 hours | Remaining: 719.98 hours
[2026-07-29T12:19:34.484Z] [Step 1/3] Processing Parallel Resilience Simulation Benchmark (100 tasks on 20 threads)...
[2026-07-29T12:19:37.023Z] Resilience Result: Semantic targeting success rate=100%, delta=0.8
[2026-07-29T12:19:37.023Z] [Step 2/3] Training PyTorch 3D Behavior Cloning Neural Net across 20 threads...
[2026-07-29T12:20:24.985Z] PyTorch Fit Result: loss=6.6292, valLoss=6.5043, accuracy=68.7%
[2026-07-29T12:20:24.985Z] [Step 3/3] Training Verified Public-Web Candidate Skills into SQLite Store...
[2026-07-29T12:20:31.364Z] Public Web Skill Candidate Succeeded: "Local Human Intent Controller" (Saved to SQLite Skill Store)
[2026-07-29T12:20:31.365Z] Status file updated: /home/opc/computerintent/.lhic/continuous-training-status.json
[2026-07-29T12:20:31.365Z] [GitHub Sync] Committing 100k task suite iteration & pushing to origin/training-results...
[2026-07-29T12:20:31.650Z] [GitHub Sync Note] Push result: Command failed: git push origin training-results || git push -u origin training-results
fatal: could not read Username for 'https://github.com': No su
[2026-07-29T12:20:32.655Z] 
--- 100k Task Suite Cycle #3 (Tasks Completed: 150 / 100,000) ---
[2026-07-29T12:20:32.655Z] Elapsed: 0.03 hours | Remaining: 719.97 hours
[2026-07-29T12:20:32.655Z] [Step 1/3] Processing Parallel Resilience Simulation Benchmark (100 tasks on 20 threads)...
[2026-07-29T12:20:35.070Z] Resilience Result: Semantic targeting success rate=100%, delta=0.8
[2026-07-29T12:20:35.070Z] [Step 2/3] Training PyTorch 3D Behavior Cloning Neural Net across 20 threads...
[2026-07-29T12:21:01.207Z] ==================================================
[2026-07-29T12:21:01.209Z] LHIC 100,000 Task Suite Trainer (100% CPU FULL THROTTLE MODE)
[2026-07-29T12:21:01.209Z] System Cores: 20 vCPUs | Parallel Workers: 16
[2026-07-29T12:21:01.226Z] Target Suite Size: 100,000 Tasks
[2026-07-29T12:21:01.227Z] Started at: 2026-07-29T12:21:01.206Z
[2026-07-29T12:21:01.227Z] Target End Time: 2026-08-28T12:21:01.206Z
[2026-07-29T12:21:01.227Z] ==================================================
[2026-07-29T12:21:01.227Z] 
--- 100k Task Suite Cycle #1 (Tasks Completed: 50 / 100,000) ---
[2026-07-29T12:21:01.227Z] Elapsed: 0.00 hours | Remaining: 720.00 hours
[2026-07-29T12:21:01.227Z] [Step 1/3] Processing Parallel Resilience Simulation Benchmark (100 tasks on 20 threads)...
[2026-07-29T12:21:03.699Z] Resilience Result: Semantic targeting success rate=100%, delta=0.8
[2026-07-29T12:21:03.699Z] [Step 2/3] Training PyTorch 3D Behavior Cloning Neural Net across 20 threads...
[2026-07-29T12:21:50.813Z] PyTorch Fit Result: loss=6.5109, valLoss=6.3963, accuracy=68.4%
[2026-07-29T12:21:50.813Z] [Step 3/3] Training Verified Public-Web Candidate Skills into SQLite Store...
[2026-07-29T12:21:57.244Z] Public Web Skill Candidate Succeeded: "Antigravity Agentic Coding" (Saved to SQLite Skill Store)
[2026-07-29T12:21:57.244Z] Status file updated: /home/opc/computerintent/.lhic/continuous-training-status.json
[2026-07-29T12:21:57.244Z] [GitHub Sync] Committing 100k task suite iteration & pushing to origin/training-results...
[2026-07-29T12:21:57.536Z] [GitHub Sync Note] Push result: Command failed: git push origin training-results || git push -u origin training-results
fatal: could not read Username for 'https://github.com': No su
[2026-07-29T12:21:58.540Z] 
--- 100k Task Suite Cycle #2 (Tasks Completed: 100 / 100,000) ---
[2026-07-29T12:21:58.540Z] Elapsed: 0.02 hours | Remaining: 719.98 hours
[2026-07-29T12:21:58.541Z] [Step 1/3] Processing Parallel Resilience Simulation Benchmark (100 tasks on 20 threads)...
[2026-07-29T12:22:01.080Z] Resilience Result: Semantic targeting success rate=100%, delta=0.8
[2026-07-29T12:22:01.081Z] [Step 2/3] Training PyTorch 3D Behavior Cloning Neural Net across 20 threads...
[2026-07-29T12:22:53.200Z] PyTorch Fit Result: loss=6.6308, valLoss=6.5011, accuracy=68.4%
[2026-07-29T12:22:53.201Z] [Step 3/3] Training Verified Public-Web Candidate Skills into SQLite Store...
[2026-07-29T12:22:59.626Z] Public Web Skill Candidate Succeeded: "Local Human Intent Controller" (Saved to SQLite Skill Store)
[2026-07-29T12:22:59.628Z] Status file updated: /home/opc/computerintent/.lhic/continuous-training-status.json
[2026-07-29T12:22:59.628Z] [GitHub Sync] Committing 100k task suite iteration & pushing to origin/training-results...
[2026-07-29T12:22:59.918Z] [GitHub Sync Note] Push result: Command failed: git push origin training-results || git push -u origin training-results
fatal: could not read Username for 'https://github.com': No su
[2026-07-29T12:23:00.922Z] 
--- 100k Task Suite Cycle #3 (Tasks Completed: 150 / 100,000) ---
[2026-07-29T12:23:00.923Z] Elapsed: 0.03 hours | Remaining: 719.97 hours
[2026-07-29T12:23:00.923Z] [Step 1/3] Processing Parallel Resilience Simulation Benchmark (100 tasks on 20 threads)...
[2026-07-29T12:23:03.657Z] Resilience Result: Semantic targeting success rate=100%, delta=0.8
[2026-07-29T12:23:03.657Z] [Step 2/3] Training PyTorch 3D Behavior Cloning Neural Net across 20 threads...
[2026-07-29T12:23:55.962Z] PyTorch Fit Result: loss=6.6823, valLoss=6.5864, accuracy=67.9%
[2026-07-29T12:23:55.963Z] [Step 3/3] Training Verified Public-Web Candidate Skills into SQLite Store...
[2026-07-29T12:24:02.070Z] Public Web Skill Candidate Succeeded: "Deterministic Computer Automation" (Saved to SQLite Skill Store)
[2026-07-29T12:24:02.071Z] Status file updated: /home/opc/computerintent/.lhic/continuous-training-status.json
[2026-07-29T12:24:02.071Z] [GitHub Sync] Committing 100k task suite iteration & pushing to origin/training-results...
[2026-07-29T12:24:02.408Z] [GitHub Sync Note] Push result: Command failed: git push origin training-results || git push -u origin training-results
fatal: could not read Username for 'https://github.com': No su
[2026-07-29T12:24:03.412Z] 
--- 100k Task Suite Cycle #4 (Tasks Completed: 200 / 100,000) ---
[2026-07-29T12:24:03.412Z] Elapsed: 0.05 hours | Remaining: 719.95 hours
[2026-07-29T12:24:03.412Z] [Step 1/3] Processing Parallel Resilience Simulation Benchmark (100 tasks on 20 threads)...
[2026-07-29T12:24:05.844Z] Resilience Result: Semantic targeting success rate=100%, delta=0.8
[2026-07-29T12:24:05.844Z] [Step 2/3] Training PyTorch 3D Behavior Cloning Neural Net across 20 threads...
[2026-07-29T12:24:57.224Z] PyTorch Fit Result: loss=6.6398, valLoss=6.5207, accuracy=66.9%
[2026-07-29T12:24:57.225Z] [Step 3/3] Training Verified Public-Web Candidate Skills into SQLite Store...
[2026-07-29T12:25:03.309Z] Public Web Skill Candidate Succeeded: "Verifier Evidence Framework" (Saved to SQLite Skill Store)
[2026-07-29T12:25:03.311Z] Status file updated: /home/opc/computerintent/.lhic/continuous-training-status.json
[2026-07-29T12:25:03.311Z] [GitHub Sync] Committing 100k task suite iteration & pushing to origin/training-results...
[2026-07-29T12:25:03.594Z] [GitHub Sync Note] Push result: Command failed: git push origin training-results || git push -u origin training-results
fatal: could not read Username for 'https://github.com': No su
[2026-07-29T12:25:04.598Z] 
--- 100k Task Suite Cycle #5 (Tasks Completed: 250 / 100,000) ---
[2026-07-29T12:25:04.599Z] Elapsed: 0.07 hours | Remaining: 719.93 hours
[2026-07-29T12:25:04.599Z] [Step 1/3] Processing Parallel Resilience Simulation Benchmark (100 tasks on 20 threads)...
[2026-07-29T12:25:07.154Z] Resilience Result: Semantic targeting success rate=100%, delta=0.8
[2026-07-29T12:25:07.154Z] [Step 2/3] Training PyTorch 3D Behavior Cloning Neural Net across 20 threads...
[2026-07-29T12:25:20.908Z] Game record failed: node:internal/process/promises:394
    triggerUncaughtException(err, true /* fromPromise */);
    ^

page.waitForTimeout: Target page, context or browser has been closed
    at runScriptedBrowserDemon
[2026-07-29T12:25:20.909Z] [Step 3/3] Training Verified Public-Web Candidate Skills into SQLite Store...
[2026-07-29T12:25:27.179Z] Public Web Skill Candidate Succeeded: "Antigravity Agentic Coding" (Saved to SQLite Skill Store)
[2026-07-29T12:25:27.180Z] Status file updated: /home/opc/computerintent/.lhic/continuous-training-status.json
[2026-07-29T12:25:27.180Z] [GitHub Sync] Committing 100k task suite iteration & pushing to origin/training-results...
[2026-07-29T12:25:27.475Z] [GitHub Sync Note] Push result: Command failed: git push origin training-results || git push -u origin training-results
fatal: could not read Username for 'https://github.com': No su
[2026-07-29T12:25:28.479Z] 
--- 100k Task Suite Cycle #6 (Tasks Completed: 300 / 100,000) ---
[2026-07-29T12:25:28.479Z] Elapsed: 0.07 hours | Remaining: 719.93 hours
[2026-07-29T12:25:28.479Z] [Step 1/3] Processing Parallel Resilience Simulation Benchmark (100 tasks on 20 threads)...
[2026-07-29T12:25:31.162Z] Resilience Result: Semantic targeting success rate=100%, delta=0.8
[2026-07-29T12:25:31.163Z] [Step 2/3] Training PyTorch 3D Behavior Cloning Neural Net across 20 threads...
[2026-07-29T12:26:17.984Z] PyTorch Fit Result: loss=6.6517, valLoss=6.5538, accuracy=42.6%
[2026-07-29T12:26:17.985Z] [Step 3/3] Training Verified Public-Web Candidate Skills into SQLite Store...
[2026-07-29T12:26:24.578Z] Public Web Skill Candidate Succeeded: "Local Human Intent Controller" (Saved to SQLite Skill Store)
[2026-07-29T12:26:24.579Z] Status file updated: /home/opc/computerintent/.lhic/continuous-training-status.json
[2026-07-29T12:26:24.579Z] [GitHub Sync] Committing 100k task suite iteration & pushing to origin/training-results...
[2026-07-29T12:26:24.857Z] [GitHub Sync Note] Push result: Command failed: git push origin training-results || git push -u origin training-results
fatal: could not read Username for 'https://github.com': No su
[2026-07-29T12:26:25.861Z] 
--- 100k Task Suite Cycle #7 (Tasks Completed: 350 / 100,000) ---
[2026-07-29T12:26:25.861Z] Elapsed: 0.09 hours | Remaining: 719.91 hours
[2026-07-29T12:26:25.861Z] [Step 1/3] Processing Parallel Resilience Simulation Benchmark (100 tasks on 20 threads)...
[2026-07-29T12:26:28.530Z] Resilience Result: Semantic targeting success rate=100%, delta=0.8
[2026-07-29T12:26:28.531Z] [Step 2/3] Training PyTorch 3D Behavior Cloning Neural Net across 20 threads...
[2026-07-29T12:27:15.664Z] PyTorch Fit Result: loss=6.6106, valLoss=6.5072, accuracy=45.2%
[2026-07-29T12:27:15.665Z] [Step 3/3] Training Verified Public-Web Candidate Skills into SQLite Store...
[2026-07-29T12:27:22.280Z] Public Web Skill Candidate Succeeded: "Deterministic Computer Automation" (Saved to SQLite Skill Store)
[2026-07-29T12:27:22.281Z] Status file updated: /home/opc/computerintent/.lhic/continuous-training-status.json
[2026-07-29T12:27:22.281Z] [GitHub Sync] Committing 100k task suite iteration & pushing to origin/training-results...
[2026-07-29T12:27:22.567Z] [GitHub Sync Note] Push result: Command failed: git push origin training-results || git push -u origin training-results
fatal: could not read Username for 'https://github.com': No su
[2026-07-29T12:27:23.571Z] 
--- 100k Task Suite Cycle #8 (Tasks Completed: 400 / 100,000) ---
[2026-07-29T12:27:23.571Z] Elapsed: 0.11 hours | Remaining: 719.89 hours
[2026-07-29T12:27:23.571Z] [Step 1/3] Processing Parallel Resilience Simulation Benchmark (100 tasks on 20 threads)...
[2026-07-29T12:27:26.052Z] Resilience Result: Semantic targeting success rate=100%, delta=0.8
[2026-07-29T12:27:26.052Z] [Step 2/3] Training PyTorch 3D Behavior Cloning Neural Net across 20 threads...
[2026-07-29T12:28:16.560Z] PyTorch Fit Result: loss=6.5577, valLoss=6.3932, accuracy=67.3%
[2026-07-29T12:28:16.561Z] [Step 3/3] Training Verified Public-Web Candidate Skills into SQLite Store...
[2026-07-29T12:28:22.895Z] Public Web Skill Candidate Succeeded: "Verifier Evidence Framework" (Saved to SQLite Skill Store)
[2026-07-29T12:28:22.895Z] Status file updated: /home/opc/computerintent/.lhic/continuous-training-status.json
[2026-07-29T12:28:22.895Z] [GitHub Sync] Committing 100k task suite iteration & pushing to origin/training-results...
[2026-07-29T12:28:23.175Z] [GitHub Sync Note] Push result: Command failed: git push origin training-results || git push -u origin training-results
fatal: could not read Username for 'https://github.com': No su
[2026-07-29T12:28:24.179Z] 
--- 100k Task Suite Cycle #9 (Tasks Completed: 450 / 100,000) ---
[2026-07-29T12:28:24.179Z] Elapsed: 0.12 hours | Remaining: 719.88 hours
[2026-07-29T12:28:24.179Z] [Step 1/3] Processing Parallel Resilience Simulation Benchmark (100 tasks on 20 threads)...
[2026-07-29T12:28:26.698Z] Resilience Result: Semantic targeting success rate=100%, delta=0.8
[2026-07-29T12:28:26.698Z] [Step 2/3] Training PyTorch 3D Behavior Cloning Neural Net across 20 threads...
[2026-07-29T12:29:13.316Z] PyTorch Fit Result: loss=6.5508, valLoss=6.4154, accuracy=68.6%
[2026-07-29T12:29:13.317Z] [Step 3/3] Training Verified Public-Web Candidate Skills into SQLite Store...
[2026-07-29T12:29:20.014Z] Public Web Skill Candidate Succeeded: "Antigravity Agentic Coding" (Saved to SQLite Skill Store)
[2026-07-29T12:29:20.015Z] Status file updated: /home/opc/computerintent/.lhic/continuous-training-status.json
[2026-07-29T12:29:20.015Z] [GitHub Sync] Committing 100k task suite iteration & pushing to origin/training-results...
[2026-07-29T12:29:20.312Z] [GitHub Sync Note] Push result: Command failed: git push origin training-results || git push -u origin training-results
fatal: could not read Username for 'https://github.com': No su
[2026-07-29T12:29:21.317Z] 
--- 100k Task Suite Cycle #10 (Tasks Completed: 500 / 100,000) ---
[2026-07-29T12:29:21.317Z] Elapsed: 0.14 hours | Remaining: 719.86 hours
[2026-07-29T12:29:21.317Z] [Step 1/3] Processing Parallel Resilience Simulation Benchmark (100 tasks on 20 threads)...
[2026-07-29T12:29:23.941Z] Resilience Result: Semantic targeting success rate=100%, delta=0.8
[2026-07-29T12:29:23.941Z] [Step 2/3] Training PyTorch 3D Behavior Cloning Neural Net across 20 threads...
[2026-07-29T12:30:16.109Z] PyTorch Fit Result: loss=6.5383, valLoss=6.4115, accuracy=58.1%
[2026-07-29T12:30:16.110Z] [Step 3/3] Training Verified Public-Web Candidate Skills into SQLite Store...
[2026-07-29T12:30:22.484Z] Public Web Skill Candidate Succeeded: "Local Human Intent Controller" (Saved to SQLite Skill Store)
[2026-07-29T12:30:22.485Z] Status file updated: /home/opc/computerintent/.lhic/continuous-training-status.json
[2026-07-29T12:30:22.485Z] [GitHub Sync] Committing 100k task suite iteration & pushing to origin/training-results...
[2026-07-29T12:30:22.964Z] [GitHub Sync Note] Push result: Command failed: git push origin training-results || git push -u origin training-results
fatal: could not read Username for 'https://github.com': No su
[2026-07-29T12:30:23.969Z] 
--- 100k Task Suite Cycle #11 (Tasks Completed: 550 / 100,000) ---
[2026-07-29T12:30:23.969Z] Elapsed: 0.16 hours | Remaining: 719.84 hours
[2026-07-29T12:30:23.969Z] [Step 1/3] Processing Parallel Resilience Simulation Benchmark (100 tasks on 20 threads)...
[2026-07-29T12:30:26.424Z] Resilience Result: Semantic targeting success rate=100%, delta=0.8
[2026-07-29T12:30:26.424Z] [Step 2/3] Training PyTorch 3D Behavior Cloning Neural Net across 20 threads...
[2026-07-29T12:31:16.843Z] PyTorch Fit Result: loss=6.5876, valLoss=6.4232, accuracy=67.6%
[2026-07-29T12:31:16.844Z] [Step 3/3] Training Verified Public-Web Candidate Skills into SQLite Store...
[2026-07-29T12:31:23.476Z] Public Web Skill Candidate Succeeded: "Deterministic Computer Automation" (Saved to SQLite Skill Store)
[2026-07-29T12:31:23.477Z] Status file updated: /home/opc/computerintent/.lhic/continuous-training-status.json
[2026-07-29T12:31:23.477Z] [GitHub Sync] Committing 100k task suite iteration & pushing to origin/training-results...
[2026-07-29T12:31:23.757Z] [GitHub Sync Note] Push result: Command failed: git push origin training-results || git push -u origin training-results
fatal: could not read Username for 'https://github.com': No su
[2026-07-29T12:31:24.761Z] 
--- 100k Task Suite Cycle #12 (Tasks Completed: 600 / 100,000) ---
[2026-07-29T12:31:24.761Z] Elapsed: 0.17 hours | Remaining: 719.83 hours
[2026-07-29T12:31:24.762Z] [Step 1/3] Processing Parallel Resilience Simulation Benchmark (100 tasks on 20 threads)...
[2026-07-29T12:31:27.424Z] Resilience Result: Semantic targeting success rate=100%, delta=0.8
[2026-07-29T12:31:27.424Z] [Step 2/3] Training PyTorch 3D Behavior Cloning Neural Net across 20 threads...
[2026-07-29T12:32:14.548Z] PyTorch Fit Result: loss=6.7113, valLoss=6.6195, accuracy=58.8%
[2026-07-29T12:32:14.549Z] [Step 3/3] Training Verified Public-Web Candidate Skills into SQLite Store...
[2026-07-29T12:32:20.786Z] Public Web Skill Candidate Succeeded: "Verifier Evidence Framework" (Saved to SQLite Skill Store)
[2026-07-29T12:32:20.787Z] Status file updated: /home/opc/computerintent/.lhic/continuous-training-status.json
[2026-07-29T12:32:20.787Z] [GitHub Sync] Committing 100k task suite iteration & pushing to origin/training-results...
[2026-07-29T12:32:21.086Z] [GitHub Sync Note] Push result: Command failed: git push origin training-results || git push -u origin training-results
fatal: could not read Username for 'https://github.com': No su
[2026-07-29T12:32:22.090Z] 
--- 100k Task Suite Cycle #13 (Tasks Completed: 650 / 100,000) ---
[2026-07-29T12:32:22.090Z] Elapsed: 0.19 hours | Remaining: 719.81 hours
[2026-07-29T12:32:22.090Z] [Step 1/3] Processing Parallel Resilience Simulation Benchmark (100 tasks on 20 threads)...
[2026-07-29T12:32:24.689Z] Resilience Result: Semantic targeting success rate=100%, delta=0.8
[2026-07-29T12:32:24.690Z] [Step 2/3] Training PyTorch 3D Behavior Cloning Neural Net across 20 threads...
[2026-07-29T12:33:11.510Z] PyTorch Fit Result: loss=6.6361, valLoss=6.5364, accuracy=68.4%
[2026-07-29T12:33:11.511Z] [Step 3/3] Training Verified Public-Web Candidate Skills into SQLite Store...
[2026-07-29T12:33:18.144Z] Public Web Skill Candidate Succeeded: "Antigravity Agentic Coding" (Saved to SQLite Skill Store)
[2026-07-29T12:33:18.144Z] Status file updated: /home/opc/computerintent/.lhic/continuous-training-status.json
[2026-07-29T12:33:18.144Z] [GitHub Sync] Committing 100k task suite iteration & pushing to origin/training-results...
[2026-07-29T12:33:18.422Z] [GitHub Sync Note] Push result: Command failed: git push origin training-results || git push -u origin training-results
fatal: could not read Username for 'https://github.com': No su
[2026-07-29T12:33:19.426Z] 
--- 100k Task Suite Cycle #14 (Tasks Completed: 700 / 100,000) ---
[2026-07-29T12:33:19.426Z] Elapsed: 0.21 hours | Remaining: 719.79 hours
[2026-07-29T12:33:19.426Z] [Step 1/3] Processing Parallel Resilience Simulation Benchmark (100 tasks on 20 threads)...
[2026-07-29T12:33:22.013Z] Resilience Result: Semantic targeting success rate=100%, delta=0.8
[2026-07-29T12:33:22.013Z] [Step 2/3] Training PyTorch 3D Behavior Cloning Neural Net across 20 threads...
[2026-07-29T12:34:13.083Z] PyTorch Fit Result: loss=6.6496, valLoss=6.5294, accuracy=66.9%
[2026-07-29T12:34:13.084Z] [Step 3/3] Training Verified Public-Web Candidate Skills into SQLite Store...
[2026-07-29T12:34:19.585Z] Public Web Skill Candidate Succeeded: "Local Human Intent Controller" (Saved to SQLite Skill Store)
[2026-07-29T12:34:19.586Z] Status file updated: /home/opc/computerintent/.lhic/continuous-training-status.json
[2026-07-29T12:34:19.586Z] [GitHub Sync] Committing 100k task suite iteration & pushing to origin/training-results...
[2026-07-29T12:34:19.871Z] [GitHub Sync Note] Push result: Command failed: git push origin training-results || git push -u origin training-results
fatal: could not read Username for 'https://github.com': No su
[2026-07-29T12:34:20.876Z] 
--- 100k Task Suite Cycle #15 (Tasks Completed: 750 / 100,000) ---
[2026-07-29T12:34:20.876Z] Elapsed: 0.22 hours | Remaining: 719.78 hours
[2026-07-29T12:34:20.876Z] [Step 1/3] Processing Parallel Resilience Simulation Benchmark (100 tasks on 20 threads)...
[2026-07-29T12:34:23.491Z] Resilience Result: Semantic targeting success rate=100%, delta=0.8
[2026-07-29T12:34:23.491Z] [Step 2/3] Training PyTorch 3D Behavior Cloning Neural Net across 20 threads...
[2026-07-29T12:35:14.862Z] PyTorch Fit Result: loss=6.5679, valLoss=6.3533, accuracy=57.7%
[2026-07-29T12:35:14.862Z] [Step 3/3] Training Verified Public-Web Candidate Skills into SQLite Store...
[2026-07-29T12:35:21.030Z] Public Web Skill Candidate Succeeded: "Deterministic Computer Automation" (Saved to SQLite Skill Store)
[2026-07-29T12:35:21.030Z] Status file updated: /home/opc/computerintent/.lhic/continuous-training-status.json
[2026-07-29T12:35:21.030Z] [GitHub Sync] Committing 100k task suite iteration & pushing to origin/training-results...
[2026-07-29T12:35:21.326Z] [GitHub Sync Note] Push result: Command failed: git push origin training-results || git push -u origin training-results
fatal: could not read Username for 'https://github.com': No su
[2026-07-29T12:35:22.330Z] 
--- 100k Task Suite Cycle #16 (Tasks Completed: 800 / 100,000) ---
[2026-07-29T12:35:22.330Z] Elapsed: 0.24 hours | Remaining: 719.76 hours
[2026-07-29T12:35:22.330Z] [Step 1/3] Processing Parallel Resilience Simulation Benchmark (100 tasks on 20 threads)...
[2026-07-29T12:35:25.153Z] Resilience Result: Semantic targeting success rate=100%, delta=0.8
[2026-07-29T12:35:25.154Z] [Step 2/3] Training PyTorch 3D Behavior Cloning Neural Net across 20 threads...
[2026-07-29T12:36:16.367Z] PyTorch Fit Result: loss=6.7701, valLoss=6.6538, accuracy=43.0%
[2026-07-29T12:36:16.368Z] [Step 3/3] Training Verified Public-Web Candidate Skills into SQLite Store...
[2026-07-29T12:36:22.785Z] Public Web Skill Candidate Succeeded: "Verifier Evidence Framework" (Saved to SQLite Skill Store)
[2026-07-29T12:36:22.786Z] Status file updated: /home/opc/computerintent/.lhic/continuous-training-status.json
[2026-07-29T12:36:22.786Z] [GitHub Sync] Committing 100k task suite iteration & pushing to origin/training-results...
[2026-07-29T12:36:23.070Z] [GitHub Sync Note] Push result: Command failed: git push origin training-results || git push -u origin training-results
fatal: could not read Username for 'https://github.com': No su
[2026-07-29T12:36:24.074Z] 
--- 100k Task Suite Cycle #17 (Tasks Completed: 850 / 100,000) ---
[2026-07-29T12:36:24.074Z] Elapsed: 0.26 hours | Remaining: 719.74 hours
[2026-07-29T12:36:24.074Z] [Step 1/3] Processing Parallel Resilience Simulation Benchmark (100 tasks on 20 threads)...
[2026-07-29T12:36:26.682Z] Resilience Result: Semantic targeting success rate=100%, delta=0.8
[2026-07-29T12:36:26.682Z] [Step 2/3] Training PyTorch 3D Behavior Cloning Neural Net across 20 threads...
[2026-07-29T12:37:14.017Z] PyTorch Fit Result: loss=6.6747, valLoss=6.5802, accuracy=58.6%
[2026-07-29T12:37:14.018Z] [Step 3/3] Training Verified Public-Web Candidate Skills into SQLite Store...
[2026-07-29T12:37:20.224Z] Public Web Skill Candidate Succeeded: "Antigravity Agentic Coding" (Saved to SQLite Skill Store)
[2026-07-29T12:37:20.224Z] Status file updated: /home/opc/computerintent/.lhic/continuous-training-status.json
[2026-07-29T12:37:20.224Z] [GitHub Sync] Committing 100k task suite iteration & pushing to origin/training-results...
[2026-07-29T12:37:20.499Z] [GitHub Sync Note] Push result: Command failed: git push origin training-results || git push -u origin training-results
fatal: could not read Username for 'https://github.com': No su
[2026-07-29T12:37:21.503Z] 
--- 100k Task Suite Cycle #18 (Tasks Completed: 900 / 100,000) ---
[2026-07-29T12:37:21.503Z] Elapsed: 0.27 hours | Remaining: 719.73 hours
[2026-07-29T12:37:21.504Z] [Step 1/3] Processing Parallel Resilience Simulation Benchmark (100 tasks on 20 threads)...
[2026-07-29T12:37:24.035Z] Resilience Result: Semantic targeting success rate=100%, delta=0.8
[2026-07-29T12:37:24.035Z] [Step 2/3] Training PyTorch 3D Behavior Cloning Neural Net across 20 threads...
[2026-07-29T12:38:14.318Z] PyTorch Fit Result: loss=6.6343, valLoss=6.5658, accuracy=67.6%
[2026-07-29T12:38:14.319Z] [Step 3/3] Training Verified Public-Web Candidate Skills into SQLite Store...
[2026-07-29T12:38:20.910Z] Public Web Skill Candidate Succeeded: "Local Human Intent Controller" (Saved to SQLite Skill Store)
[2026-07-29T12:38:20.910Z] Status file updated: /home/opc/computerintent/.lhic/continuous-training-status.json
[2026-07-29T12:38:20.911Z] [GitHub Sync] Committing 100k task suite iteration & pushing to origin/training-results...
[2026-07-29T12:38:21.192Z] [GitHub Sync Note] Push result: Command failed: git push origin training-results || git push -u origin training-results
fatal: could not read Username for 'https://github.com': No su
[2026-07-29T12:38:22.197Z] 
--- 100k Task Suite Cycle #19 (Tasks Completed: 950 / 100,000) ---
[2026-07-29T12:38:22.197Z] Elapsed: 0.29 hours | Remaining: 719.71 hours
[2026-07-29T12:38:22.197Z] [Step 1/3] Processing Parallel Resilience Simulation Benchmark (100 tasks on 20 threads)...
[2026-07-29T12:38:24.931Z] Resilience Result: Semantic targeting success rate=100%, delta=0.8
[2026-07-29T12:38:24.931Z] [Step 2/3] Training PyTorch 3D Behavior Cloning Neural Net across 20 threads...
[2026-07-29T12:39:12.144Z] PyTorch Fit Result: loss=6.7160, valLoss=6.6190, accuracy=66.0%
[2026-07-29T12:39:12.145Z] [Step 3/3] Training Verified Public-Web Candidate Skills into SQLite Store...
[2026-07-29T12:39:18.528Z] Public Web Skill Candidate Succeeded: "Deterministic Computer Automation" (Saved to SQLite Skill Store)
[2026-07-29T12:39:18.529Z] Status file updated: /home/opc/computerintent/.lhic/continuous-training-status.json
[2026-07-29T12:39:18.529Z] [GitHub Sync] Committing 100k task suite iteration & pushing to origin/training-results...
[2026-07-29T12:39:18.809Z] [GitHub Sync Note] Push result: Command failed: git push origin training-results || git push -u origin training-results
fatal: could not read Username for 'https://github.com': No su
[2026-07-29T12:39:19.813Z] 
--- 100k Task Suite Cycle #20 (Tasks Completed: 1,000 / 100,000) ---
[2026-07-29T12:39:19.813Z] Elapsed: 0.31 hours | Remaining: 719.69 hours
[2026-07-29T12:39:19.814Z] [Step 1/3] Processing Parallel Resilience Simulation Benchmark (100 tasks on 20 threads)...
[2026-07-29T12:39:22.312Z] Resilience Result: Semantic targeting success rate=100%, delta=0.8
[2026-07-29T12:39:22.312Z] [Step 2/3] Training PyTorch 3D Behavior Cloning Neural Net across 20 threads...
[2026-07-29T12:40:12.694Z] PyTorch Fit Result: loss=6.5476, valLoss=6.4085, accuracy=68.7%
[2026-07-29T12:40:12.695Z] [Step 3/3] Training Verified Public-Web Candidate Skills into SQLite Store...
[2026-07-29T12:40:18.963Z] Public Web Skill Candidate Succeeded: "Verifier Evidence Framework" (Saved to SQLite Skill Store)
[2026-07-29T12:40:18.964Z] Status file updated: /home/opc/computerintent/.lhic/continuous-training-status.json
[2026-07-29T12:40:18.964Z] [GitHub Sync] Committing 100k task suite iteration & pushing to origin/training-results...
[2026-07-29T12:40:19.240Z] [GitHub Sync Note] Push result: Command failed: git push origin training-results || git push -u origin training-results
fatal: could not read Username for 'https://github.com': No su
[2026-07-29T12:40:20.245Z] 
--- 100k Task Suite Cycle #21 (Tasks Completed: 1,050 / 100,000) ---
[2026-07-29T12:40:20.245Z] Elapsed: 0.32 hours | Remaining: 719.68 hours
[2026-07-29T12:40:20.245Z] [Step 1/3] Processing Parallel Resilience Simulation Benchmark (100 tasks on 20 threads)...
[2026-07-29T12:40:22.810Z] Resilience Result: Semantic targeting success rate=100%, delta=0.8
[2026-07-29T12:40:22.811Z] [Step 2/3] Training PyTorch 3D Behavior Cloning Neural Net across 20 threads...
[2026-07-29T12:41:13.632Z] PyTorch Fit Result: loss=6.5912, valLoss=6.4757, accuracy=68.0%
[2026-07-29T12:41:13.633Z] [Step 3/3] Training Verified Public-Web Candidate Skills into SQLite Store...
[2026-07-29T12:41:19.932Z] Public Web Skill Candidate Succeeded: "Antigravity Agentic Coding" (Saved to SQLite Skill Store)
[2026-07-29T12:41:19.933Z] Status file updated: /home/opc/computerintent/.lhic/continuous-training-status.json
[2026-07-29T12:41:19.933Z] [GitHub Sync] Committing 100k task suite iteration & pushing to origin/training-results...
[2026-07-29T12:41:20.220Z] [GitHub Sync Note] Push result: Command failed: git push origin training-results || git push -u origin training-results
fatal: could not read Username for 'https://github.com': No su
[2026-07-29T12:41:21.225Z] 
--- 100k Task Suite Cycle #22 (Tasks Completed: 1,100 / 100,000) ---
[2026-07-29T12:41:21.225Z] Elapsed: 0.34 hours | Remaining: 719.66 hours
[2026-07-29T12:41:21.225Z] [Step 1/3] Processing Parallel Resilience Simulation Benchmark (100 tasks on 20 threads)...
[2026-07-29T12:41:23.658Z] Resilience Result: Semantic targeting success rate=100%, delta=0.8
[2026-07-29T12:41:23.659Z] [Step 2/3] Training PyTorch 3D Behavior Cloning Neural Net across 20 threads...
[2026-07-29T12:42:16.072Z] PyTorch Fit Result: loss=6.5719, valLoss=6.4349, accuracy=68.6%
[2026-07-29T12:42:16.072Z] [Step 3/3] Training Verified Public-Web Candidate Skills into SQLite Store...
[2026-07-29T12:42:22.676Z] Public Web Skill Candidate Succeeded: "Local Human Intent Controller" (Saved to SQLite Skill Store)
[2026-07-29T12:42:22.676Z] Status file updated: /home/opc/computerintent/.lhic/continuous-training-status.json
[2026-07-29T12:42:22.677Z] [GitHub Sync] Committing 100k task suite iteration & pushing to origin/training-results...
[2026-07-29T12:42:22.949Z] [GitHub Sync Note] Push result: Command failed: git push origin training-results || git push -u origin training-results
fatal: could not read Username for 'https://github.com': No su
[2026-07-29T12:42:23.954Z] 
--- 100k Task Suite Cycle #23 (Tasks Completed: 1,150 / 100,000) ---
[2026-07-29T12:42:23.954Z] Elapsed: 0.36 hours | Remaining: 719.64 hours
[2026-07-29T12:42:23.954Z] [Step 1/3] Processing Parallel Resilience Simulation Benchmark (100 tasks on 20 threads)...
[2026-07-29T12:42:26.589Z] Resilience Result: Semantic targeting success rate=100%, delta=0.8
[2026-07-29T12:42:26.589Z] [Step 2/3] Training PyTorch 3D Behavior Cloning Neural Net across 20 threads...
[2026-07-29T12:43:14.199Z] PyTorch Fit Result: loss=6.6387, valLoss=6.5233, accuracy=67.2%
[2026-07-29T12:43:14.200Z] [Step 3/3] Training Verified Public-Web Candidate Skills into SQLite Store...
[2026-07-29T12:43:20.752Z] Public Web Skill Candidate Succeeded: "Deterministic Computer Automation" (Saved to SQLite Skill Store)
[2026-07-29T12:43:20.753Z] Status file updated: /home/opc/computerintent/.lhic/continuous-training-status.json
[2026-07-29T12:43:20.753Z] [GitHub Sync] Committing 100k task suite iteration & pushing to origin/training-results...
[2026-07-29T12:43:21.218Z] [GitHub Sync Note] Push result: Command failed: git push origin training-results || git push -u origin training-results
fatal: could not read Username for 'https://github.com': No su
[2026-07-29T12:43:22.222Z] 
--- 100k Task Suite Cycle #24 (Tasks Completed: 1,200 / 100,000) ---
[2026-07-29T12:43:22.223Z] Elapsed: 0.37 hours | Remaining: 719.63 hours
[2026-07-29T12:43:22.223Z] [Step 1/3] Processing Parallel Resilience Simulation Benchmark (100 tasks on 20 threads)...
[2026-07-29T12:43:24.773Z] Resilience Result: Semantic targeting success rate=100%, delta=0.8
[2026-07-29T12:43:24.773Z] [Step 2/3] Training PyTorch 3D Behavior Cloning Neural Net across 20 threads...
[2026-07-29T12:44:16.352Z] PyTorch Fit Result: loss=6.4948, valLoss=6.3528, accuracy=67.2%
[2026-07-29T12:44:16.353Z] [Step 3/3] Training Verified Public-Web Candidate Skills into SQLite Store...
[2026-07-29T12:44:22.530Z] Public Web Skill Candidate Succeeded: "Verifier Evidence Framework" (Saved to SQLite Skill Store)
[2026-07-29T12:44:22.531Z] Status file updated: /home/opc/computerintent/.lhic/continuous-training-status.json
[2026-07-29T12:44:22.531Z] [GitHub Sync] Committing 100k task suite iteration & pushing to origin/training-results...
[2026-07-29T12:44:22.815Z] [GitHub Sync Note] Push result: Command failed: git push origin training-results || git push -u origin training-results
fatal: could not read Username for 'https://github.com': No su
[2026-07-29T12:44:23.820Z] 
--- 100k Task Suite Cycle #25 (Tasks Completed: 1,250 / 100,000) ---
[2026-07-29T12:44:23.821Z] Elapsed: 0.39 hours | Remaining: 719.61 hours
[2026-07-29T12:44:23.821Z] [Step 1/3] Processing Parallel Resilience Simulation Benchmark (100 tasks on 20 threads)...
[2026-07-29T12:44:26.466Z] Resilience Result: Semantic targeting success rate=100%, delta=0.8
[2026-07-29T12:44:26.466Z] [Step 2/3] Training PyTorch 3D Behavior Cloning Neural Net across 20 threads...
[2026-07-29T12:45:16.815Z] PyTorch Fit Result: loss=6.5634, valLoss=6.4009, accuracy=59.0%
[2026-07-29T12:45:16.816Z] [Step 3/3] Training Verified Public-Web Candidate Skills into SQLite Store...
[2026-07-29T12:45:23.272Z] Public Web Skill Candidate Succeeded: "Antigravity Agentic Coding" (Saved to SQLite Skill Store)
[2026-07-29T12:45:23.274Z] Status file updated: /home/opc/computerintent/.lhic/continuous-training-status.json
[2026-07-29T12:45:23.274Z] [GitHub Sync] Committing 100k task suite iteration & pushing to origin/training-results...
[2026-07-29T12:45:23.557Z] [GitHub Sync Note] Push result: Command failed: git push origin training-results || git push -u origin training-results
fatal: could not read Username for 'https://github.com': No su
[2026-07-29T12:45:24.562Z] 
--- 100k Task Suite Cycle #26 (Tasks Completed: 1,300 / 100,000) ---
[2026-07-29T12:45:24.562Z] Elapsed: 0.41 hours | Remaining: 719.59 hours
[2026-07-29T12:45:24.562Z] [Step 1/3] Processing Parallel Resilience Simulation Benchmark (100 tasks on 20 threads)...
[2026-07-29T12:45:27.224Z] Resilience Result: Semantic targeting success rate=100%, delta=0.8
[2026-07-29T12:45:27.225Z] [Step 2/3] Training PyTorch 3D Behavior Cloning Neural Net across 20 threads...
[2026-07-29T12:46:19.430Z] PyTorch Fit Result: loss=6.6484, valLoss=6.5747, accuracy=67.3%
[2026-07-29T12:46:19.431Z] [Step 3/3] Training Verified Public-Web Candidate Skills into SQLite Store...
[2026-07-29T12:46:26.025Z] Public Web Skill Candidate Succeeded: "Local Human Intent Controller" (Saved to SQLite Skill Store)
[2026-07-29T12:46:26.025Z] Status file updated: /home/opc/computerintent/.lhic/continuous-training-status.json
[2026-07-29T12:46:26.025Z] [GitHub Sync] Committing 100k task suite iteration & pushing to origin/training-results...
[2026-07-29T12:46:26.312Z] [GitHub Sync Note] Push result: Command failed: git push origin training-results || git push -u origin training-results
fatal: could not read Username for 'https://github.com': No su
[2026-07-29T12:46:27.317Z] 
--- 100k Task Suite Cycle #27 (Tasks Completed: 1,350 / 100,000) ---
[2026-07-29T12:46:27.317Z] Elapsed: 0.42 hours | Remaining: 719.58 hours
[2026-07-29T12:46:27.317Z] [Step 1/3] Processing Parallel Resilience Simulation Benchmark (100 tasks on 20 threads)...
[2026-07-29T12:46:30.064Z] Resilience Result: Semantic targeting success rate=100%, delta=0.8
[2026-07-29T12:46:30.064Z] [Step 2/3] Training PyTorch 3D Behavior Cloning Neural Net across 20 threads...
[2026-07-29T12:47:16.753Z] PyTorch Fit Result: loss=6.5091, valLoss=6.3819, accuracy=67.2%
[2026-07-29T12:47:16.754Z] [Step 3/3] Training Verified Public-Web Candidate Skills into SQLite Store...
[2026-07-29T12:47:22.753Z] Public Web Skill Candidate Succeeded: "Deterministic Computer Automation" (Saved to SQLite Skill Store)
[2026-07-29T12:47:22.754Z] Status file updated: /home/opc/computerintent/.lhic/continuous-training-status.json
[2026-07-29T12:47:22.754Z] [GitHub Sync] Committing 100k task suite iteration & pushing to origin/training-results...
[2026-07-29T12:47:23.038Z] [GitHub Sync Note] Push result: Command failed: git push origin training-results || git push -u origin training-results
fatal: could not read Username for 'https://github.com': No su
[2026-07-29T12:47:24.042Z] 
--- 100k Task Suite Cycle #28 (Tasks Completed: 1,400 / 100,000) ---
[2026-07-29T12:47:24.042Z] Elapsed: 0.44 hours | Remaining: 719.56 hours
[2026-07-29T12:47:24.042Z] [Step 1/3] Processing Parallel Resilience Simulation Benchmark (100 tasks on 20 threads)...
[2026-07-29T12:47:26.812Z] Resilience Result: Semantic targeting success rate=100%, delta=0.8
[2026-07-29T12:47:26.812Z] [Step 2/3] Training PyTorch 3D Behavior Cloning Neural Net across 20 threads...
[2026-07-29T12:48:18.141Z] PyTorch Fit Result: loss=6.5410, valLoss=6.4101, accuracy=67.9%
[2026-07-29T12:48:18.142Z] [Step 3/3] Training Verified Public-Web Candidate Skills into SQLite Store...
[2026-07-29T12:48:24.317Z] Public Web Skill Candidate Succeeded: "Verifier Evidence Framework" (Saved to SQLite Skill Store)
[2026-07-29T12:48:24.318Z] Status file updated: /home/opc/computerintent/.lhic/continuous-training-status.json
[2026-07-29T12:48:24.318Z] [GitHub Sync] Committing 100k task suite iteration & pushing to origin/training-results...
[2026-07-29T12:48:24.616Z] [GitHub Sync Note] Push result: Command failed: git push origin training-results || git push -u origin training-results
fatal: could not read Username for 'https://github.com': No su
[2026-07-29T12:48:25.620Z] 
--- 100k Task Suite Cycle #29 (Tasks Completed: 1,450 / 100,000) ---
[2026-07-29T12:48:25.620Z] Elapsed: 0.46 hours | Remaining: 719.54 hours
[2026-07-29T12:48:25.620Z] [Step 1/3] Processing Parallel Resilience Simulation Benchmark (100 tasks on 20 threads)...
[2026-07-29T12:48:28.234Z] Resilience Result: Semantic targeting success rate=100%, delta=0.8
[2026-07-29T12:48:28.235Z] [Step 2/3] Training PyTorch 3D Behavior Cloning Neural Net across 20 threads...
[2026-07-29T12:49:19.477Z] PyTorch Fit Result: loss=6.5893, valLoss=6.4424, accuracy=68.7%
[2026-07-29T12:49:19.478Z] [Step 3/3] Training Verified Public-Web Candidate Skills into SQLite Store...
[2026-07-29T12:49:25.641Z] Public Web Skill Candidate Succeeded: "Antigravity Agentic Coding" (Saved to SQLite Skill Store)
[2026-07-29T12:49:25.643Z] Status file updated: /home/opc/computerintent/.lhic/continuous-training-status.json
[2026-07-29T12:49:25.643Z] [GitHub Sync] Committing 100k task suite iteration & pushing to origin/training-results...
[2026-07-29T12:49:25.933Z] [GitHub Sync Note] Push result: Command failed: git push origin training-results || git push -u origin training-results
fatal: could not read Username for 'https://github.com': No su
[2026-07-29T12:49:26.939Z] 
--- 100k Task Suite Cycle #30 (Tasks Completed: 1,500 / 100,000) ---
[2026-07-29T12:49:26.939Z] Elapsed: 0.47 hours | Remaining: 719.53 hours
[2026-07-29T12:49:26.939Z] [Step 1/3] Processing Parallel Resilience Simulation Benchmark (100 tasks on 20 threads)...
[2026-07-29T12:49:29.527Z] Resilience Result: Semantic targeting success rate=100%, delta=0.8
[2026-07-29T12:49:29.528Z] [Step 2/3] Training PyTorch 3D Behavior Cloning Neural Net across 20 threads...
[2026-07-29T12:50:20.334Z] PyTorch Fit Result: loss=6.6858, valLoss=6.6001, accuracy=67.5%
[2026-07-29T12:50:20.334Z] [Step 3/3] Training Verified Public-Web Candidate Skills into SQLite Store...
[2026-07-29T12:50:26.586Z] Public Web Skill Candidate Succeeded: "Local Human Intent Controller" (Saved to SQLite Skill Store)
[2026-07-29T12:50:26.587Z] Status file updated: /home/opc/computerintent/.lhic/continuous-training-status.json
[2026-07-29T12:50:26.587Z] [GitHub Sync] Committing 100k task suite iteration & pushing to origin/training-results...
[2026-07-29T12:50:26.870Z] [GitHub Sync Note] Push result: Command failed: git push origin training-results || git push -u origin training-results
fatal: could not read Username for 'https://github.com': No su
[2026-07-29T12:50:27.875Z] 
--- 100k Task Suite Cycle #31 (Tasks Completed: 1,550 / 100,000) ---
[2026-07-29T12:50:27.875Z] Elapsed: 0.49 hours | Remaining: 719.51 hours
[2026-07-29T12:50:27.875Z] [Step 1/3] Processing Parallel Resilience Simulation Benchmark (100 tasks on 20 threads)...
[2026-07-29T12:50:30.487Z] Resilience Result: Semantic targeting success rate=100%, delta=0.8
[2026-07-29T12:50:30.488Z] [Step 2/3] Training PyTorch 3D Behavior Cloning Neural Net across 20 threads...
[2026-07-29T12:51:22.403Z] PyTorch Fit Result: loss=6.5434, valLoss=6.3639, accuracy=67.6%
[2026-07-29T12:51:22.404Z] [Step 3/3] Training Verified Public-Web Candidate Skills into SQLite Store...
[2026-07-29T12:51:28.687Z] Public Web Skill Candidate Succeeded: "Deterministic Computer Automation" (Saved to SQLite Skill Store)
[2026-07-29T12:51:28.688Z] Status file updated: /home/opc/computerintent/.lhic/continuous-training-status.json
[2026-07-29T12:51:28.688Z] [GitHub Sync] Committing 100k task suite iteration & pushing to origin/training-results...
[2026-07-29T12:51:28.968Z] [GitHub Sync Note] Push result: Command failed: git push origin training-results || git push -u origin training-results
fatal: could not read Username for 'https://github.com': No su
[2026-07-29T12:51:29.973Z] 
--- 100k Task Suite Cycle #32 (Tasks Completed: 1,600 / 100,000) ---
[2026-07-29T12:51:29.973Z] Elapsed: 0.51 hours | Remaining: 719.49 hours
[2026-07-29T12:51:29.973Z] [Step 1/3] Processing Parallel Resilience Simulation Benchmark (100 tasks on 20 threads)...
[2026-07-29T12:51:32.608Z] Resilience Result: Semantic targeting success rate=100%, delta=0.8
[2026-07-29T12:51:32.609Z] [Step 2/3] Training PyTorch 3D Behavior Cloning Neural Net across 20 threads...
[2026-07-29T12:52:24.476Z] PyTorch Fit Result: loss=6.4670, valLoss=6.2486, accuracy=68.0%
[2026-07-29T12:52:24.477Z] [Step 3/3] Training Verified Public-Web Candidate Skills into SQLite Store...
[2026-07-29T12:52:31.030Z] Public Web Skill Candidate Succeeded: "Verifier Evidence Framework" (Saved to SQLite Skill Store)
[2026-07-29T12:52:31.031Z] Status file updated: /home/opc/computerintent/.lhic/continuous-training-status.json
[2026-07-29T12:52:31.031Z] [GitHub Sync] Committing 100k task suite iteration & pushing to origin/training-results...
[2026-07-29T12:52:31.345Z] [GitHub Sync Note] Push result: Command failed: git push origin training-results || git push -u origin training-results
fatal: could not read Username for 'https://github.com': No su
[2026-07-29T12:52:32.349Z] 
--- 100k Task Suite Cycle #33 (Tasks Completed: 1,650 / 100,000) ---
[2026-07-29T12:52:32.350Z] Elapsed: 0.53 hours | Remaining: 719.47 hours
[2026-07-29T12:52:32.350Z] [Step 1/3] Processing Parallel Resilience Simulation Benchmark (100 tasks on 20 threads)...
[2026-07-29T12:52:35.144Z] Resilience Result: Semantic targeting success rate=100%, delta=0.8
[2026-07-29T12:52:35.145Z] [Step 2/3] Training PyTorch 3D Behavior Cloning Neural Net across 20 threads...
[2026-07-29T12:53:22.347Z] PyTorch Fit Result: loss=6.5318, valLoss=6.3913, accuracy=66.9%
[2026-07-29T12:53:22.348Z] [Step 3/3] Training Verified Public-Web Candidate Skills into SQLite Store...
[2026-07-29T12:53:28.538Z] Public Web Skill Candidate Succeeded: "Antigravity Agentic Coding" (Saved to SQLite Skill Store)
[2026-07-29T12:53:28.539Z] Status file updated: /home/opc/computerintent/.lhic/continuous-training-status.json
[2026-07-29T12:53:28.539Z] [GitHub Sync] Committing 100k task suite iteration & pushing to origin/training-results...
[2026-07-29T12:53:28.832Z] [GitHub Sync Note] Push result: Command failed: git push origin training-results || git push -u origin training-results
fatal: could not read Username for 'https://github.com': No su
[2026-07-29T12:53:29.836Z] 
--- 100k Task Suite Cycle #34 (Tasks Completed: 1,700 / 100,000) ---
[2026-07-29T12:53:29.836Z] Elapsed: 0.54 hours | Remaining: 719.46 hours
[2026-07-29T12:53:29.836Z] [Step 1/3] Processing Parallel Resilience Simulation Benchmark (100 tasks on 20 threads)...
[2026-07-29T12:53:32.641Z] Resilience Result: Semantic targeting success rate=100%, delta=0.8
[2026-07-29T12:53:32.642Z] [Step 2/3] Training PyTorch 3D Behavior Cloning Neural Net across 20 threads...
[2026-07-29T12:54:24.007Z] PyTorch Fit Result: loss=6.6588, valLoss=6.5863, accuracy=43.0%
[2026-07-29T12:54:24.008Z] [Step 3/3] Training Verified Public-Web Candidate Skills into SQLite Store...
[2026-07-29T12:54:30.212Z] Public Web Skill Candidate Succeeded: "Local Human Intent Controller" (Saved to SQLite Skill Store)
[2026-07-29T12:54:30.213Z] Status file updated: /home/opc/computerintent/.lhic/continuous-training-status.json
[2026-07-29T12:54:30.213Z] [GitHub Sync] Committing 100k task suite iteration & pushing to origin/training-results...
[2026-07-29T12:54:30.504Z] [GitHub Sync Note] Push result: Command failed: git push origin training-results || git push -u origin training-results
fatal: could not read Username for 'https://github.com': No su
[2026-07-29T12:54:31.509Z] 
--- 100k Task Suite Cycle #35 (Tasks Completed: 1,750 / 100,000) ---
[2026-07-29T12:54:31.509Z] Elapsed: 0.56 hours | Remaining: 719.44 hours
[2026-07-29T12:54:31.509Z] [Step 1/3] Processing Parallel Resilience Simulation Benchmark (100 tasks on 20 threads)...
[2026-07-29T12:54:34.152Z] Resilience Result: Semantic targeting success rate=100%, delta=0.8
[2026-07-29T12:54:34.153Z] [Step 2/3] Training PyTorch 3D Behavior Cloning Neural Net across 20 threads...
[2026-07-29T12:55:25.510Z] PyTorch Fit Result: loss=6.5958, valLoss=6.4516, accuracy=58.8%
[2026-07-29T12:55:25.511Z] [Step 3/3] Training Verified Public-Web Candidate Skills into SQLite Store...
[2026-07-29T12:55:31.789Z] Public Web Skill Candidate Succeeded: "Deterministic Computer Automation" (Saved to SQLite Skill Store)
[2026-07-29T12:55:31.790Z] Status file updated: /home/opc/computerintent/.lhic/continuous-training-status.json
[2026-07-29T12:55:31.790Z] [GitHub Sync] Committing 100k task suite iteration & pushing to origin/training-results...
[2026-07-29T12:55:32.080Z] [GitHub Sync Note] Push result: Command failed: git push origin training-results || git push -u origin training-results
fatal: could not read Username for 'https://github.com': No su
[2026-07-29T12:55:33.085Z] 
--- 100k Task Suite Cycle #36 (Tasks Completed: 1,800 / 100,000) ---
[2026-07-29T12:55:33.085Z] Elapsed: 0.58 hours | Remaining: 719.42 hours
[2026-07-29T12:55:33.085Z] [Step 1/3] Processing Parallel Resilience Simulation Benchmark (100 tasks on 20 threads)...
[2026-07-29T12:55:35.663Z] Resilience Result: Semantic targeting success rate=100%, delta=0.8
[2026-07-29T12:55:35.663Z] [Step 2/3] Training PyTorch 3D Behavior Cloning Neural Net across 20 threads...
[2026-07-29T12:56:22.689Z] PyTorch Fit Result: loss=6.7013, valLoss=6.5943, accuracy=35.8%
[2026-07-29T12:56:22.690Z] [Step 3/3] Training Verified Public-Web Candidate Skills into SQLite Store...
[2026-07-29T12:56:28.830Z] Public Web Skill Candidate Succeeded: "Verifier Evidence Framework" (Saved to SQLite Skill Store)
[2026-07-29T12:56:28.831Z] Status file updated: /home/opc/computerintent/.lhic/continuous-training-status.json
[2026-07-29T12:56:28.831Z] [GitHub Sync] Committing 100k task suite iteration & pushing to origin/training-results...
[2026-07-29T12:56:29.118Z] [GitHub Sync Note] Push result: Command failed: git push origin training-results || git push -u origin training-results
fatal: could not read Username for 'https://github.com': No su
[2026-07-29T12:56:30.122Z] 
--- 100k Task Suite Cycle #37 (Tasks Completed: 1,850 / 100,000) ---
[2026-07-29T12:56:30.123Z] Elapsed: 0.59 hours | Remaining: 719.41 hours
[2026-07-29T12:56:30.123Z] [Step 1/3] Processing Parallel Resilience Simulation Benchmark (100 tasks on 20 threads)...
[2026-07-29T12:56:32.686Z] Resilience Result: Semantic targeting success rate=100%, delta=0.8
[2026-07-29T12:56:32.686Z] [Step 2/3] Training PyTorch 3D Behavior Cloning Neural Net across 20 threads...
[2026-07-29T12:57:20.495Z] PyTorch Fit Result: loss=6.6896, valLoss=6.6030, accuracy=68.4%
[2026-07-29T12:57:20.496Z] [Step 3/3] Training Verified Public-Web Candidate Skills into SQLite Store...
[2026-07-29T12:57:26.733Z] Public Web Skill Candidate Succeeded: "Antigravity Agentic Coding" (Saved to SQLite Skill Store)
[2026-07-29T12:57:26.734Z] Status file updated: /home/opc/computerintent/.lhic/continuous-training-status.json
[2026-07-29T12:57:26.734Z] [GitHub Sync] Committing 100k task suite iteration & pushing to origin/training-results...
[2026-07-29T12:57:27.006Z] [GitHub Sync Note] Push result: Command failed: git push origin training-results || git push -u origin training-results
fatal: could not read Username for 'https://github.com': No su
[2026-07-29T12:57:28.011Z] 
--- 100k Task Suite Cycle #38 (Tasks Completed: 1,900 / 100,000) ---
[2026-07-29T12:57:28.011Z] Elapsed: 0.61 hours | Remaining: 719.39 hours
[2026-07-29T12:57:28.011Z] [Step 1/3] Processing Parallel Resilience Simulation Benchmark (100 tasks on 20 threads)...
[2026-07-29T12:57:30.580Z] Resilience Result: Semantic targeting success rate=100%, delta=0.8
[2026-07-29T12:57:30.581Z] [Step 2/3] Training PyTorch 3D Behavior Cloning Neural Net across 20 threads...
[2026-07-29T12:58:17.449Z] PyTorch Fit Result: loss=6.6874, valLoss=6.6052, accuracy=68.4%
[2026-07-29T12:58:17.450Z] [Step 3/3] Training Verified Public-Web Candidate Skills into SQLite Store...
[2026-07-29T12:58:23.647Z] Public Web Skill Candidate Succeeded: "Local Human Intent Controller" (Saved to SQLite Skill Store)
[2026-07-29T12:58:23.647Z] Status file updated: /home/opc/computerintent/.lhic/continuous-training-status.json
[2026-07-29T12:58:23.647Z] [GitHub Sync] Committing 100k task suite iteration & pushing to origin/training-results...
[2026-07-29T12:58:23.921Z] [GitHub Sync Note] Push result: Command failed: git push origin training-results || git push -u origin training-results
fatal: could not read Username for 'https://github.com': No su
[2026-07-29T12:58:24.926Z] 
--- 100k Task Suite Cycle #39 (Tasks Completed: 1,950 / 100,000) ---
[2026-07-29T12:58:24.926Z] Elapsed: 0.62 hours | Remaining: 719.38 hours
[2026-07-29T12:58:24.926Z] [Step 1/3] Processing Parallel Resilience Simulation Benchmark (100 tasks on 20 threads)...
[2026-07-29T12:58:27.578Z] Resilience Result: Semantic targeting success rate=100%, delta=0.8
[2026-07-29T12:58:27.578Z] [Step 2/3] Training PyTorch 3D Behavior Cloning Neural Net across 20 threads...
[2026-07-29T12:59:18.658Z] PyTorch Fit Result: loss=6.5310, valLoss=6.3572, accuracy=67.9%
[2026-07-29T12:59:18.659Z] [Step 3/3] Training Verified Public-Web Candidate Skills into SQLite Store...
[2026-07-29T12:59:24.947Z] Public Web Skill Candidate Succeeded: "Deterministic Computer Automation" (Saved to SQLite Skill Store)
[2026-07-29T12:59:24.948Z] Status file updated: /home/opc/computerintent/.lhic/continuous-training-status.json
[2026-07-29T12:59:24.948Z] [GitHub Sync] Committing 100k task suite iteration & pushing to origin/training-results...
[2026-07-29T12:59:25.230Z] [GitHub Sync Note] Push result: Command failed: git push origin training-results || git push -u origin training-results
fatal: could not read Username for 'https://github.com': No su
[2026-07-29T12:59:26.234Z] 
--- 100k Task Suite Cycle #40 (Tasks Completed: 2,000 / 100,000) ---
[2026-07-29T12:59:26.234Z] Elapsed: 0.64 hours | Remaining: 719.36 hours
[2026-07-29T12:59:26.234Z] [Step 1/3] Processing Parallel Resilience Simulation Benchmark (100 tasks on 20 threads)...
[2026-07-29T12:59:28.643Z] Resilience Result: Semantic targeting success rate=100%, delta=0.8
[2026-07-29T12:59:28.643Z] [Step 2/3] Training PyTorch 3D Behavior Cloning Neural Net across 20 threads...
[2026-07-29T13:00:16.379Z] PyTorch Fit Result: loss=6.6556, valLoss=6.5348, accuracy=68.5%
[2026-07-29T13:00:16.380Z] [Step 3/3] Training Verified Public-Web Candidate Skills into SQLite Store...
[2026-07-29T13:00:22.835Z] Public Web Skill Candidate Succeeded: "Verifier Evidence Framework" (Saved to SQLite Skill Store)
[2026-07-29T13:00:22.836Z] Status file updated: /home/opc/computerintent/.lhic/continuous-training-status.json
[2026-07-29T13:00:22.836Z] [GitHub Sync] Committing 100k task suite iteration & pushing to origin/training-results...
[2026-07-29T13:00:23.133Z] [GitHub Sync Note] Push result: Command failed: git push origin training-results || git push -u origin training-results
fatal: could not read Username for 'https://github.com': No su
[2026-07-29T13:00:24.138Z] 
--- 100k Task Suite Cycle #41 (Tasks Completed: 2,050 / 100,000) ---
[2026-07-29T13:00:24.138Z] Elapsed: 0.66 hours | Remaining: 719.34 hours
[2026-07-29T13:00:24.138Z] [Step 1/3] Processing Parallel Resilience Simulation Benchmark (100 tasks on 20 threads)...
[2026-07-29T13:00:26.744Z] Resilience Result: Semantic targeting success rate=100%, delta=0.8
[2026-07-29T13:00:26.744Z] [Step 2/3] Training PyTorch 3D Behavior Cloning Neural Net across 20 threads...
[2026-07-29T13:01:18.775Z] PyTorch Fit Result: loss=6.6773, valLoss=6.6010, accuracy=68.0%
[2026-07-29T13:01:18.776Z] [Step 3/3] Training Verified Public-Web Candidate Skills into SQLite Store...
[2026-07-29T13:01:24.935Z] Public Web Skill Candidate Succeeded: "Antigravity Agentic Coding" (Saved to SQLite Skill Store)
[2026-07-29T13:01:24.935Z] Status file updated: /home/opc/computerintent/.lhic/continuous-training-status.json
[2026-07-29T13:01:24.935Z] [GitHub Sync] Committing 100k task suite iteration & pushing to origin/training-results...
[2026-07-29T13:01:25.224Z] [GitHub Sync Note] Push result: Command failed: git push origin training-results || git push -u origin training-results
fatal: could not read Username for 'https://github.com': No su
[2026-07-29T13:01:26.229Z] 
--- 100k Task Suite Cycle #42 (Tasks Completed: 2,100 / 100,000) ---
[2026-07-29T13:01:26.229Z] Elapsed: 0.67 hours | Remaining: 719.33 hours
[2026-07-29T13:01:26.229Z] [Step 1/3] Processing Parallel Resilience Simulation Benchmark (100 tasks on 20 threads)...
[2026-07-29T13:01:28.768Z] Resilience Result: Semantic targeting success rate=100%, delta=0.8
[2026-07-29T13:01:28.768Z] [Step 2/3] Training PyTorch 3D Behavior Cloning Neural Net across 20 threads...
[2026-07-29T13:02:19.416Z] PyTorch Fit Result: loss=6.6424, valLoss=6.5115, accuracy=68.0%
[2026-07-29T13:02:19.417Z] [Step 3/3] Training Verified Public-Web Candidate Skills into SQLite Store...
[2026-07-29T13:02:26.428Z] Public Web Skill Candidate Succeeded: "Local Human Intent Controller" (Saved to SQLite Skill Store)
[2026-07-29T13:02:26.429Z] Status file updated: /home/opc/computerintent/.lhic/continuous-training-status.json
[2026-07-29T13:02:26.429Z] [GitHub Sync] Committing 100k task suite iteration & pushing to origin/training-results...
[2026-07-29T13:02:26.722Z] [GitHub Sync Note] Push result: Command failed: git push origin training-results || git push -u origin training-results
fatal: could not read Username for 'https://github.com': No su
[2026-07-29T13:02:27.726Z] 
--- 100k Task Suite Cycle #43 (Tasks Completed: 2,150 / 100,000) ---
[2026-07-29T13:02:27.727Z] Elapsed: 0.69 hours | Remaining: 719.31 hours
[2026-07-29T13:02:27.727Z] [Step 1/3] Processing Parallel Resilience Simulation Benchmark (100 tasks on 20 threads)...
[2026-07-29T13:02:30.692Z] Resilience Result: Semantic targeting success rate=100%, delta=0.8
[2026-07-29T13:02:30.693Z] [Step 2/3] Training PyTorch 3D Behavior Cloning Neural Net across 20 threads...
[2026-07-29T13:03:21.366Z] PyTorch Fit Result: loss=6.6535, valLoss=6.5253, accuracy=67.2%
[2026-07-29T13:03:21.366Z] [Step 3/3] Training Verified Public-Web Candidate Skills into SQLite Store...
[2026-07-29T13:03:27.568Z] Public Web Skill Candidate Succeeded: "Deterministic Computer Automation" (Saved to SQLite Skill Store)
[2026-07-29T13:03:27.569Z] Status file updated: /home/opc/computerintent/.lhic/continuous-training-status.json
[2026-07-29T13:03:27.569Z] [GitHub Sync] Committing 100k task suite iteration & pushing to origin/training-results...
[2026-07-29T13:03:27.852Z] [GitHub Sync Note] Push result: Command failed: git push origin training-results || git push -u origin training-results
fatal: could not read Username for 'https://github.com': No su
[2026-07-29T13:03:28.857Z] 
--- 100k Task Suite Cycle #44 (Tasks Completed: 2,200 / 100,000) ---
[2026-07-29T13:03:28.857Z] Elapsed: 0.71 hours | Remaining: 719.29 hours
[2026-07-29T13:03:28.857Z] [Step 1/3] Processing Parallel Resilience Simulation Benchmark (100 tasks on 20 threads)...
[2026-07-29T13:03:31.816Z] Resilience Result: Semantic targeting success rate=100%, delta=0.8
[2026-07-29T13:03:31.816Z] [Step 2/3] Training PyTorch 3D Behavior Cloning Neural Net across 20 threads...
[2026-07-29T13:04:21.668Z] PyTorch Fit Result: loss=6.5234, valLoss=6.3843, accuracy=67.3%
[2026-07-29T13:04:21.668Z] [Step 3/3] Training Verified Public-Web Candidate Skills into SQLite Store...
[2026-07-29T13:04:28.083Z] Public Web Skill Candidate Succeeded: "Verifier Evidence Framework" (Saved to SQLite Skill Store)
[2026-07-29T13:04:28.084Z] Status file updated: /home/opc/computerintent/.lhic/continuous-training-status.json
[2026-07-29T13:04:28.084Z] [GitHub Sync] Committing 100k task suite iteration & pushing to origin/training-results...
[2026-07-29T13:04:28.394Z] [GitHub Sync Note] Push result: Command failed: git push origin training-results || git push -u origin training-results
fatal: could not read Username for 'https://github.com': No su
[2026-07-29T13:04:29.398Z] 
--- 100k Task Suite Cycle #45 (Tasks Completed: 2,250 / 100,000) ---
[2026-07-29T13:04:29.398Z] Elapsed: 0.72 hours | Remaining: 719.28 hours
[2026-07-29T13:04:29.398Z] [Step 1/3] Processing Parallel Resilience Simulation Benchmark (100 tasks on 20 threads)...
[2026-07-29T13:04:32.281Z] Resilience Result: Semantic targeting success rate=100%, delta=0.8
[2026-07-29T13:04:32.281Z] [Step 2/3] Training PyTorch 3D Behavior Cloning Neural Net across 20 threads...
[2026-07-29T13:05:19.640Z] PyTorch Fit Result: loss=6.8078, valLoss=6.7472, accuracy=43.3%
[2026-07-29T13:05:19.641Z] [Step 3/3] Training Verified Public-Web Candidate Skills into SQLite Store...
[2026-07-29T13:05:26.030Z] Public Web Skill Candidate Succeeded: "Antigravity Agentic Coding" (Saved to SQLite Skill Store)
[2026-07-29T13:05:26.031Z] Status file updated: /home/opc/computerintent/.lhic/continuous-training-status.json
[2026-07-29T13:05:26.031Z] [GitHub Sync] Committing 100k task suite iteration & pushing to origin/training-results...
[2026-07-29T13:05:26.327Z] [GitHub Sync Note] Push result: Command failed: git push origin training-results || git push -u origin training-results
fatal: could not read Username for 'https://github.com': No su
[2026-07-29T13:05:27.332Z] 
--- 100k Task Suite Cycle #46 (Tasks Completed: 2,300 / 100,000) ---
[2026-07-29T13:05:27.332Z] Elapsed: 0.74 hours | Remaining: 719.26 hours
[2026-07-29T13:05:27.332Z] [Step 1/3] Processing Parallel Resilience Simulation Benchmark (100 tasks on 20 threads)...
[2026-07-29T13:05:30.395Z] Resilience Result: Semantic targeting success rate=100%, delta=0.8
[2026-07-29T13:05:30.395Z] [Step 2/3] Training PyTorch 3D Behavior Cloning Neural Net across 20 threads...
[2026-07-29T13:06:20.864Z] PyTorch Fit Result: loss=6.6336, valLoss=6.5270, accuracy=68.0%
[2026-07-29T13:06:20.865Z] [Step 3/3] Training Verified Public-Web Candidate Skills into SQLite Store...
[2026-07-29T13:06:27.170Z] Public Web Skill Candidate Succeeded: "Local Human Intent Controller" (Saved to SQLite Skill Store)
[2026-07-29T13:06:27.171Z] Status file updated: /home/opc/computerintent/.lhic/continuous-training-status.json
[2026-07-29T13:06:27.172Z] [GitHub Sync] Committing 100k task suite iteration & pushing to origin/training-results...
[2026-07-29T13:06:27.466Z] [GitHub Sync Note] Push result: Command failed: git push origin training-results || git push -u origin training-results
fatal: could not read Username for 'https://github.com': No su
[2026-07-29T13:06:28.470Z] 
--- 100k Task Suite Cycle #47 (Tasks Completed: 2,350 / 100,000) ---
[2026-07-29T13:06:28.470Z] Elapsed: 0.76 hours | Remaining: 719.24 hours
[2026-07-29T13:06:28.471Z] [Step 1/3] Processing Parallel Resilience Simulation Benchmark (100 tasks on 20 threads)...
[2026-07-29T13:06:31.168Z] Resilience Result: Semantic targeting success rate=100%, delta=0.8
[2026-07-29T13:06:31.168Z] [Step 2/3] Training PyTorch 3D Behavior Cloning Neural Net across 20 threads...
[2026-07-29T13:07:21.859Z] PyTorch Fit Result: loss=6.5274, valLoss=6.3722, accuracy=67.3%
[2026-07-29T13:07:21.859Z] [Step 3/3] Training Verified Public-Web Candidate Skills into SQLite Store...
[2026-07-29T13:07:28.076Z] Public Web Skill Candidate Succeeded: "Deterministic Computer Automation" (Saved to SQLite Skill Store)
[2026-07-29T13:07:28.078Z] Status file updated: /home/opc/computerintent/.lhic/continuous-training-status.json
[2026-07-29T13:07:28.078Z] [GitHub Sync] Committing 100k task suite iteration & pushing to origin/training-results...
[2026-07-29T13:07:28.366Z] [GitHub Sync Note] Push result: Command failed: git push origin training-results || git push -u origin training-results
fatal: could not read Username for 'https://github.com': No su
[2026-07-29T13:07:29.371Z] 
--- 100k Task Suite Cycle #48 (Tasks Completed: 2,400 / 100,000) ---
[2026-07-29T13:07:29.371Z] Elapsed: 0.77 hours | Remaining: 719.23 hours
[2026-07-29T13:07:29.371Z] [Step 1/3] Processing Parallel Resilience Simulation Benchmark (100 tasks on 20 threads)...
[2026-07-29T13:07:32.056Z] Resilience Result: Semantic targeting success rate=100%, delta=0.8
[2026-07-29T13:07:32.056Z] [Step 2/3] Training PyTorch 3D Behavior Cloning Neural Net across 20 threads...
[2026-07-29T13:08:21.269Z] PyTorch Fit Result: loss=6.7709, valLoss=6.6844, accuracy=46.0%
[2026-07-29T13:08:21.270Z] [Step 3/3] Training Verified Public-Web Candidate Skills into SQLite Store...
[2026-07-29T13:08:27.877Z] Public Web Skill Candidate Succeeded: "Verifier Evidence Framework" (Saved to SQLite Skill Store)
[2026-07-29T13:08:27.878Z] Status file updated: /home/opc/computerintent/.lhic/continuous-training-status.json
[2026-07-29T13:08:27.879Z] [GitHub Sync] Committing 100k task suite iteration & pushing to origin/training-results...
[2026-07-29T13:08:28.173Z] [GitHub Sync Note] Push result: Command failed: git push origin training-results || git push -u origin training-results
fatal: could not read Username for 'https://github.com': No su
[2026-07-29T13:08:29.177Z] 
--- 100k Task Suite Cycle #49 (Tasks Completed: 2,450 / 100,000) ---
[2026-07-29T13:08:29.177Z] Elapsed: 0.79 hours | Remaining: 719.21 hours
[2026-07-29T13:08:29.177Z] [Step 1/3] Processing Parallel Resilience Simulation Benchmark (100 tasks on 20 threads)...
[2026-07-29T13:08:31.774Z] Resilience Result: Semantic targeting success rate=100%, delta=0.8
[2026-07-29T13:08:31.774Z] [Step 2/3] Training PyTorch 3D Behavior Cloning Neural Net across 20 threads...
[2026-07-29T13:09:18.834Z] PyTorch Fit Result: loss=6.6829, valLoss=6.5319, accuracy=46.3%
[2026-07-29T13:09:18.835Z] [Step 3/3] Training Verified Public-Web Candidate Skills into SQLite Store...
[2026-07-29T13:09:25.095Z] Public Web Skill Candidate Succeeded: "Antigravity Agentic Coding" (Saved to SQLite Skill Store)
[2026-07-29T13:09:25.096Z] Status file updated: /home/opc/computerintent/.lhic/continuous-training-status.json
[2026-07-29T13:09:25.096Z] [GitHub Sync] Committing 100k task suite iteration & pushing to origin/training-results...
[2026-07-29T13:09:25.371Z] [GitHub Sync Note] Push result: Command failed: git push origin training-results || git push -u origin training-results
fatal: could not read Username for 'https://github.com': No su
[2026-07-29T13:09:26.376Z] 
--- 100k Task Suite Cycle #50 (Tasks Completed: 2,500 / 100,000) ---
[2026-07-29T13:09:26.376Z] Elapsed: 0.81 hours | Remaining: 719.19 hours
[2026-07-29T13:09:26.376Z] [Step 1/3] Processing Parallel Resilience Simulation Benchmark (100 tasks on 20 threads)...
[2026-07-29T13:09:29.052Z] Resilience Result: Semantic targeting success rate=100%, delta=0.8
[2026-07-29T13:09:29.052Z] [Step 2/3] Training PyTorch 3D Behavior Cloning Neural Net across 20 threads...
[2026-07-29T13:10:20.033Z] PyTorch Fit Result: loss=6.5656, valLoss=6.4051, accuracy=68.4%
[2026-07-29T13:10:20.034Z] [Step 3/3] Training Verified Public-Web Candidate Skills into SQLite Store...
[2026-07-29T13:10:26.261Z] Public Web Skill Candidate Succeeded: "Local Human Intent Controller" (Saved to SQLite Skill Store)
[2026-07-29T13:10:26.262Z] Status file updated: /home/opc/computerintent/.lhic/continuous-training-status.json
[2026-07-29T13:10:26.262Z] [GitHub Sync] Committing 100k task suite iteration & pushing to origin/training-results...
[2026-07-29T13:10:26.554Z] [GitHub Sync Note] Push result: Command failed: git push origin training-results || git push -u origin training-results
fatal: could not read Username for 'https://github.com': No su
[2026-07-29T13:10:27.559Z] 
--- 100k Task Suite Cycle #51 (Tasks Completed: 2,550 / 100,000) ---
[2026-07-29T13:10:27.559Z] Elapsed: 0.82 hours | Remaining: 719.18 hours
[2026-07-29T13:10:27.559Z] [Step 1/3] Processing Parallel Resilience Simulation Benchmark (100 tasks on 20 threads)...
[2026-07-29T13:10:30.216Z] Resilience Result: Semantic targeting success rate=100%, delta=0.8
[2026-07-29T13:10:30.216Z] [Step 2/3] Training PyTorch 3D Behavior Cloning Neural Net across 20 threads...
[2026-07-29T13:11:16.984Z] PyTorch Fit Result: loss=6.5567, valLoss=6.3969, accuracy=67.3%
[2026-07-29T13:11:16.984Z] [Step 3/3] Training Verified Public-Web Candidate Skills into SQLite Store...
[2026-07-29T13:11:23.361Z] Public Web Skill Candidate Succeeded: "Deterministic Computer Automation" (Saved to SQLite Skill Store)
[2026-07-29T13:11:23.361Z] Status file updated: /home/opc/computerintent/.lhic/continuous-training-status.json
[2026-07-29T13:11:23.361Z] [GitHub Sync] Committing 100k task suite iteration & pushing to origin/training-results...
[2026-07-29T13:11:23.665Z] [GitHub Sync Note] Push result: Command failed: git push origin training-results || git push -u origin training-results
fatal: could not read Username for 'https://github.com': No su
[2026-07-29T13:11:24.670Z] 
--- 100k Task Suite Cycle #52 (Tasks Completed: 2,600 / 100,000) ---
[2026-07-29T13:11:24.670Z] Elapsed: 0.84 hours | Remaining: 719.16 hours
[2026-07-29T13:11:24.670Z] [Step 1/3] Processing Parallel Resilience Simulation Benchmark (100 tasks on 20 threads)...
[2026-07-29T13:11:27.421Z] Resilience Result: Semantic targeting success rate=100%, delta=0.8
[2026-07-29T13:11:27.422Z] [Step 2/3] Training PyTorch 3D Behavior Cloning Neural Net across 20 threads...
[2026-07-29T13:12:17.829Z] PyTorch Fit Result: loss=6.5859, valLoss=6.4658, accuracy=68.0%
[2026-07-29T13:12:17.829Z] [Step 3/3] Training Verified Public-Web Candidate Skills into SQLite Store...
[2026-07-29T13:12:24.493Z] Public Web Skill Candidate Succeeded: "Verifier Evidence Framework" (Saved to SQLite Skill Store)
[2026-07-29T13:12:24.494Z] Status file updated: /home/opc/computerintent/.lhic/continuous-training-status.json
[2026-07-29T13:12:24.494Z] [GitHub Sync] Committing 100k task suite iteration & pushing to origin/training-results...
[2026-07-29T13:12:24.783Z] [GitHub Sync Note] Push result: Command failed: git push origin training-results || git push -u origin training-results
fatal: could not read Username for 'https://github.com': No su
[2026-07-29T13:12:25.788Z] 
--- 100k Task Suite Cycle #53 (Tasks Completed: 2,650 / 100,000) ---
[2026-07-29T13:12:25.789Z] Elapsed: 0.86 hours | Remaining: 719.14 hours
[2026-07-29T13:12:25.789Z] [Step 1/3] Processing Parallel Resilience Simulation Benchmark (100 tasks on 20 threads)...
[2026-07-29T13:12:28.560Z] Resilience Result: Semantic targeting success rate=100%, delta=0.8
[2026-07-29T13:12:28.561Z] [Step 2/3] Training PyTorch 3D Behavior Cloning Neural Net across 20 threads...
[2026-07-29T13:13:15.469Z] PyTorch Fit Result: loss=6.7235, valLoss=6.6122, accuracy=68.4%
[2026-07-29T13:13:15.470Z] [Step 3/3] Training Verified Public-Web Candidate Skills into SQLite Store...
[2026-07-29T13:13:21.869Z] Public Web Skill Candidate Succeeded: "Antigravity Agentic Coding" (Saved to SQLite Skill Store)
[2026-07-29T13:13:21.870Z] Status file updated: /home/opc/computerintent/.lhic/continuous-training-status.json
[2026-07-29T13:13:21.870Z] [GitHub Sync] Committing 100k task suite iteration & pushing to origin/training-results...
[2026-07-29T13:13:22.163Z] [GitHub Sync Note] Push result: Command failed: git push origin training-results || git push -u origin training-results
fatal: could not read Username for 'https://github.com': No su
[2026-07-29T13:13:23.168Z] 
--- 100k Task Suite Cycle #54 (Tasks Completed: 2,700 / 100,000) ---
[2026-07-29T13:13:23.168Z] Elapsed: 0.87 hours | Remaining: 719.13 hours
[2026-07-29T13:13:23.168Z] [Step 1/3] Processing Parallel Resilience Simulation Benchmark (100 tasks on 20 threads)...
[2026-07-29T13:13:25.670Z] Resilience Result: Semantic targeting success rate=100%, delta=0.8
[2026-07-29T13:13:25.671Z] [Step 2/3] Training PyTorch 3D Behavior Cloning Neural Net across 20 threads...
[2026-07-29T13:14:16.159Z] PyTorch Fit Result: loss=6.5947, valLoss=6.4666, accuracy=57.7%
[2026-07-29T13:14:16.160Z] [Step 3/3] Training Verified Public-Web Candidate Skills into SQLite Store...
[2026-07-29T13:14:22.741Z] Public Web Skill Candidate Succeeded: "Local Human Intent Controller" (Saved to SQLite Skill Store)
[2026-07-29T13:14:22.742Z] Status file updated: /home/opc/computerintent/.lhic/continuous-training-status.json
[2026-07-29T13:14:22.742Z] [GitHub Sync] Committing 100k task suite iteration & pushing to origin/training-results...
[2026-07-29T13:14:23.022Z] [GitHub Sync Note] Push result: Command failed: git push origin training-results || git push -u origin training-results
fatal: could not read Username for 'https://github.com': No su
[2026-07-29T13:14:24.026Z] 
--- 100k Task Suite Cycle #55 (Tasks Completed: 2,750 / 100,000) ---
[2026-07-29T13:14:24.026Z] Elapsed: 0.89 hours | Remaining: 719.11 hours
[2026-07-29T13:14:24.026Z] [Step 1/3] Processing Parallel Resilience Simulation Benchmark (100 tasks on 20 threads)...
[2026-07-29T13:14:26.661Z] Resilience Result: Semantic targeting success rate=100%, delta=0.8
[2026-07-29T13:14:26.661Z] [Step 2/3] Training PyTorch 3D Behavior Cloning Neural Net across 20 threads...
[2026-07-29T13:15:18.619Z] PyTorch Fit Result: loss=6.6372, valLoss=6.5598, accuracy=67.5%
[2026-07-29T13:15:18.620Z] [Step 3/3] Training Verified Public-Web Candidate Skills into SQLite Store...
[2026-07-29T13:15:25.108Z] Public Web Skill Candidate Succeeded: "Deterministic Computer Automation" (Saved to SQLite Skill Store)
[2026-07-29T13:15:25.109Z] Status file updated: /home/opc/computerintent/.lhic/continuous-training-status.json
[2026-07-29T13:15:25.109Z] [GitHub Sync] Committing 100k task suite iteration & pushing to origin/training-results...
[2026-07-29T13:15:25.402Z] [GitHub Sync Note] Push result: Command failed: git push origin training-results || git push -u origin training-results
fatal: could not read Username for 'https://github.com': No su
[2026-07-29T13:15:26.407Z] 
--- 100k Task Suite Cycle #56 (Tasks Completed: 2,800 / 100,000) ---
[2026-07-29T13:15:26.407Z] Elapsed: 0.91 hours | Remaining: 719.09 hours
[2026-07-29T13:15:26.407Z] [Step 1/3] Processing Parallel Resilience Simulation Benchmark (100 tasks on 20 threads)...
[2026-07-29T13:15:29.360Z] Resilience Result: Semantic targeting success rate=100%, delta=0.8
[2026-07-29T13:15:29.360Z] [Step 2/3] Training PyTorch 3D Behavior Cloning Neural Net across 20 threads...
[2026-07-29T13:16:18.279Z] PyTorch Fit Result: loss=6.5749, valLoss=6.4190, accuracy=68.2%
[2026-07-29T13:16:18.280Z] [Step 3/3] Training Verified Public-Web Candidate Skills into SQLite Store...
[2026-07-29T13:16:24.600Z] Public Web Skill Candidate Succeeded: "Verifier Evidence Framework" (Saved to SQLite Skill Store)
[2026-07-29T13:16:24.601Z] Status file updated: /home/opc/computerintent/.lhic/continuous-training-status.json
[2026-07-29T13:16:24.601Z] [GitHub Sync] Committing 100k task suite iteration & pushing to origin/training-results...
[2026-07-29T13:16:24.900Z] [GitHub Sync Note] Push result: Command failed: git push origin training-results || git push -u origin training-results
fatal: could not read Username for 'https://github.com': No su
[2026-07-29T13:16:25.905Z] 
--- 100k Task Suite Cycle #57 (Tasks Completed: 2,850 / 100,000) ---
[2026-07-29T13:16:25.905Z] Elapsed: 0.92 hours | Remaining: 719.08 hours
[2026-07-29T13:16:25.905Z] [Step 1/3] Processing Parallel Resilience Simulation Benchmark (100 tasks on 20 threads)...
[2026-07-29T13:16:28.729Z] Resilience Result: Semantic targeting success rate=100%, delta=0.8
[2026-07-29T13:16:28.730Z] [Step 2/3] Training PyTorch 3D Behavior Cloning Neural Net across 20 threads...
[2026-07-29T13:17:19.985Z] PyTorch Fit Result: loss=6.6838, valLoss=6.6093, accuracy=36.0%
[2026-07-29T13:17:19.986Z] [Step 3/3] Training Verified Public-Web Candidate Skills into SQLite Store...
[2026-07-29T13:17:26.087Z] Public Web Skill Candidate Succeeded: "Antigravity Agentic Coding" (Saved to SQLite Skill Store)
[2026-07-29T13:17:26.087Z] Status file updated: /home/opc/computerintent/.lhic/continuous-training-status.json
[2026-07-29T13:17:26.087Z] [GitHub Sync] Committing 100k task suite iteration & pushing to origin/training-results...
[2026-07-29T13:17:26.367Z] [GitHub Sync Note] Push result: Command failed: git push origin training-results || git push -u origin training-results
fatal: could not read Username for 'https://github.com': No su
[2026-07-29T13:17:27.371Z] 
--- 100k Task Suite Cycle #58 (Tasks Completed: 2,900 / 100,000) ---
[2026-07-29T13:17:27.371Z] Elapsed: 0.94 hours | Remaining: 719.06 hours
[2026-07-29T13:17:27.371Z] [Step 1/3] Processing Parallel Resilience Simulation Benchmark (100 tasks on 20 threads)...
[2026-07-29T13:17:30.009Z] Resilience Result: Semantic targeting success rate=100%, delta=0.8
[2026-07-29T13:17:30.009Z] [Step 2/3] Training PyTorch 3D Behavior Cloning Neural Net across 20 threads...
[2026-07-29T13:18:17.428Z] PyTorch Fit Result: loss=6.6747, valLoss=6.6120, accuracy=57.7%
[2026-07-29T13:18:17.429Z] [Step 3/3] Training Verified Public-Web Candidate Skills into SQLite Store...
[2026-07-29T13:18:23.808Z] Public Web Skill Candidate Succeeded: "Local Human Intent Controller" (Saved to SQLite Skill Store)
[2026-07-29T13:18:23.809Z] Status file updated: /home/opc/computerintent/.lhic/continuous-training-status.json
[2026-07-29T13:18:23.809Z] [GitHub Sync] Committing 100k task suite iteration & pushing to origin/training-results...
[2026-07-29T13:18:24.101Z] [GitHub Sync Note] Push result: Command failed: git push origin training-results || git push -u origin training-results
fatal: could not read Username for 'https://github.com': No su
[2026-07-29T13:18:25.106Z] 
--- 100k Task Suite Cycle #59 (Tasks Completed: 2,950 / 100,000) ---
[2026-07-29T13:18:25.106Z] Elapsed: 0.96 hours | Remaining: 719.04 hours
[2026-07-29T13:18:25.106Z] [Step 1/3] Processing Parallel Resilience Simulation Benchmark (100 tasks on 20 threads)...
[2026-07-29T13:18:28.009Z] Resilience Result: Semantic targeting success rate=100%, delta=0.8
[2026-07-29T13:18:28.009Z] [Step 2/3] Training PyTorch 3D Behavior Cloning Neural Net across 20 threads...
[2026-07-29T13:19:15.884Z] PyTorch Fit Result: loss=6.4954, valLoss=6.3061, accuracy=67.2%
[2026-07-29T13:19:15.885Z] [Step 3/3] Training Verified Public-Web Candidate Skills into SQLite Store...
[2026-07-29T13:19:22.125Z] Public Web Skill Candidate Succeeded: "Deterministic Computer Automation" (Saved to SQLite Skill Store)
[2026-07-29T13:19:22.126Z] Status file updated: /home/opc/computerintent/.lhic/continuous-training-status.json
[2026-07-29T13:19:22.126Z] [GitHub Sync] Committing 100k task suite iteration & pushing to origin/training-results...
[2026-07-29T13:19:22.397Z] [GitHub Sync Note] Push result: Command failed: git push origin training-results || git push -u origin training-results
fatal: could not read Username for 'https://github.com': No su
[2026-07-29T13:19:23.402Z] 
--- 100k Task Suite Cycle #60 (Tasks Completed: 3,000 / 100,000) ---
[2026-07-29T13:19:23.402Z] Elapsed: 0.97 hours | Remaining: 719.03 hours
[2026-07-29T13:19:23.402Z] [Step 1/3] Processing Parallel Resilience Simulation Benchmark (100 tasks on 20 threads)...
[2026-07-29T13:19:26.136Z] Resilience Result: Semantic targeting success rate=100%, delta=0.8
[2026-07-29T13:19:26.136Z] [Step 2/3] Training PyTorch 3D Behavior Cloning Neural Net across 20 threads...
[2026-07-29T13:20:17.787Z] PyTorch Fit Result: loss=6.5039, valLoss=6.3401, accuracy=58.6%
[2026-07-29T13:20:17.788Z] [Step 3/3] Training Verified Public-Web Candidate Skills into SQLite Store...
[2026-07-29T13:20:24.074Z] Public Web Skill Candidate Succeeded: "Verifier Evidence Framework" (Saved to SQLite Skill Store)
[2026-07-29T13:20:24.075Z] Status file updated: /home/opc/computerintent/.lhic/continuous-training-status.json
[2026-07-29T13:20:24.075Z] [GitHub Sync] Committing 100k task suite iteration & pushing to origin/training-results...
[2026-07-29T13:20:24.385Z] [GitHub Sync Note] Push result: Command failed: git push origin training-results || git push -u origin training-results
fatal: could not read Username for 'https://github.com': No su
[2026-07-29T13:20:25.389Z] 
--- 100k Task Suite Cycle #61 (Tasks Completed: 3,050 / 100,000) ---
[2026-07-29T13:20:25.389Z] Elapsed: 0.99 hours | Remaining: 719.01 hours
[2026-07-29T13:20:25.390Z] [Step 1/3] Processing Parallel Resilience Simulation Benchmark (100 tasks on 20 threads)...
[2026-07-29T13:20:28.260Z] Resilience Result: Semantic targeting success rate=100%, delta=0.8
[2026-07-29T13:20:28.260Z] [Step 2/3] Training PyTorch 3D Behavior Cloning Neural Net across 20 threads...
[2026-07-29T13:21:15.175Z] PyTorch Fit Result: loss=6.6035, valLoss=6.5111, accuracy=68.0%
[2026-07-29T13:21:15.176Z] [Step 3/3] Training Verified Public-Web Candidate Skills into SQLite Store...
[2026-07-29T13:21:21.855Z] Public Web Skill Candidate Succeeded: "Antigravity Agentic Coding" (Saved to SQLite Skill Store)
[2026-07-29T13:21:21.856Z] Status file updated: /home/opc/computerintent/.lhic/continuous-training-status.json
[2026-07-29T13:21:21.856Z] [GitHub Sync] Committing 100k task suite iteration & pushing to origin/training-results...
[2026-07-29T13:21:22.150Z] [GitHub Sync Note] Push result: Command failed: git push origin training-results || git push -u origin training-results
fatal: could not read Username for 'https://github.com': No su
[2026-07-29T13:21:23.155Z] 
--- 100k Task Suite Cycle #62 (Tasks Completed: 3,100 / 100,000) ---
[2026-07-29T13:21:23.156Z] Elapsed: 1.01 hours | Remaining: 718.99 hours
[2026-07-29T13:21:23.156Z] [Step 1/3] Processing Parallel Resilience Simulation Benchmark (100 tasks on 20 threads)...
[2026-07-29T13:21:26.004Z] Resilience Result: Semantic targeting success rate=100%, delta=0.8
[2026-07-29T13:21:26.004Z] [Step 2/3] Training PyTorch 3D Behavior Cloning Neural Net across 20 threads...
[2026-07-29T13:22:17.347Z] PyTorch Fit Result: loss=6.5685, valLoss=6.4525, accuracy=57.7%
[2026-07-29T13:22:17.348Z] [Step 3/3] Training Verified Public-Web Candidate Skills into SQLite Store...
[2026-07-29T13:22:23.870Z] Public Web Skill Candidate Succeeded: "Local Human Intent Controller" (Saved to SQLite Skill Store)
[2026-07-29T13:22:23.870Z] Status file updated: /home/opc/computerintent/.lhic/continuous-training-status.json
[2026-07-29T13:22:23.871Z] [GitHub Sync] Committing 100k task suite iteration & pushing to origin/training-results...
[2026-07-29T13:22:24.160Z] [GitHub Sync Note] Push result: Command failed: git push origin training-results || git push -u origin training-results
fatal: could not read Username for 'https://github.com': No su
[2026-07-29T13:22:25.164Z] 
--- 100k Task Suite Cycle #63 (Tasks Completed: 3,150 / 100,000) ---
[2026-07-29T13:22:25.164Z] Elapsed: 1.02 hours | Remaining: 718.98 hours
[2026-07-29T13:22:25.164Z] [Step 1/3] Processing Parallel Resilience Simulation Benchmark (100 tasks on 20 threads)...
[2026-07-29T13:22:27.905Z] Resilience Result: Semantic targeting success rate=100%, delta=0.8
[2026-07-29T13:22:27.905Z] [Step 2/3] Training PyTorch 3D Behavior Cloning Neural Net across 20 threads...
[2026-07-29T13:23:14.906Z] PyTorch Fit Result: loss=6.5218, valLoss=6.3766, accuracy=66.0%
[2026-07-29T13:23:14.907Z] [Step 3/3] Training Verified Public-Web Candidate Skills into SQLite Store...
[2026-07-29T13:23:21.490Z] Public Web Skill Candidate Succeeded: "Deterministic Computer Automation" (Saved to SQLite Skill Store)
[2026-07-29T13:23:21.490Z] Status file updated: /home/opc/computerintent/.lhic/continuous-training-status.json
[2026-07-29T13:23:21.490Z] [GitHub Sync] Committing 100k task suite iteration & pushing to origin/training-results...
[2026-07-29T13:23:21.777Z] [GitHub Sync Note] Push result: Command failed: git push origin training-results || git push -u origin training-results
fatal: could not read Username for 'https://github.com': No su
[2026-07-29T13:23:22.781Z] 
--- 100k Task Suite Cycle #64 (Tasks Completed: 3,200 / 100,000) ---
[2026-07-29T13:23:22.782Z] Elapsed: 1.04 hours | Remaining: 718.96 hours
[2026-07-29T13:23:22.782Z] [Step 1/3] Processing Parallel Resilience Simulation Benchmark (100 tasks on 20 threads)...
[2026-07-29T13:23:25.436Z] Resilience Result: Semantic targeting success rate=100%, delta=0.8
[2026-07-29T13:23:25.437Z] [Step 2/3] Training PyTorch 3D Behavior Cloning Neural Net across 20 threads...
[2026-07-29T13:24:16.366Z] PyTorch Fit Result: loss=6.5237, valLoss=6.3583, accuracy=68.6%
[2026-07-29T13:24:16.367Z] [Step 3/3] Training Verified Public-Web Candidate Skills into SQLite Store...
[2026-07-29T13:24:22.614Z] Public Web Skill Candidate Succeeded: "Verifier Evidence Framework" (Saved to SQLite Skill Store)
[2026-07-29T13:24:22.614Z] Status file updated: /home/opc/computerintent/.lhic/continuous-training-status.json
[2026-07-29T13:24:22.614Z] [GitHub Sync] Committing 100k task suite iteration & pushing to origin/training-results...
[2026-07-29T13:24:22.894Z] [GitHub Sync Note] Push result: Command failed: git push origin training-results || git push -u origin training-results
fatal: could not read Username for 'https://github.com': No su
[2026-07-29T13:24:23.899Z] 
--- 100k Task Suite Cycle #65 (Tasks Completed: 3,250 / 100,000) ---
[2026-07-29T13:24:23.899Z] Elapsed: 1.06 hours | Remaining: 718.94 hours
[2026-07-29T13:24:23.899Z] [Step 1/3] Processing Parallel Resilience Simulation Benchmark (100 tasks on 20 threads)...
[2026-07-29T13:24:26.430Z] Resilience Result: Semantic targeting success rate=100%, delta=0.8
[2026-07-29T13:24:26.430Z] [Step 2/3] Training PyTorch 3D Behavior Cloning Neural Net across 20 threads...
[2026-07-29T13:25:16.588Z] PyTorch Fit Result: loss=6.6550, valLoss=6.5252, accuracy=67.9%
[2026-07-29T13:25:16.589Z] [Step 3/3] Training Verified Public-Web Candidate Skills into SQLite Store...
[2026-07-29T13:25:22.844Z] Public Web Skill Candidate Succeeded: "Antigravity Agentic Coding" (Saved to SQLite Skill Store)
[2026-07-29T13:25:22.845Z] Status file updated: /home/opc/computerintent/.lhic/continuous-training-status.json
[2026-07-29T13:25:22.845Z] [GitHub Sync] Committing 100k task suite iteration & pushing to origin/training-results...
[2026-07-29T13:25:23.129Z] [GitHub Sync Note] Push result: Command failed: git push origin training-results || git push -u origin training-results
fatal: could not read Username for 'https://github.com': No su
[2026-07-29T13:25:24.134Z] 
--- 100k Task Suite Cycle #66 (Tasks Completed: 3,300 / 100,000) ---
[2026-07-29T13:25:24.134Z] Elapsed: 1.07 hours | Remaining: 718.93 hours
[2026-07-29T13:25:24.134Z] [Step 1/3] Processing Parallel Resilience Simulation Benchmark (100 tasks on 20 threads)...
[2026-07-29T13:25:26.925Z] Resilience Result: Semantic targeting success rate=100%, delta=0.8
[2026-07-29T13:25:26.926Z] [Step 2/3] Training PyTorch 3D Behavior Cloning Neural Net across 20 threads...
[2026-07-29T13:26:17.487Z] PyTorch Fit Result: loss=6.6543, valLoss=6.5169, accuracy=65.9%
[2026-07-29T13:26:17.488Z] [Step 3/3] Training Verified Public-Web Candidate Skills into SQLite Store...
[2026-07-29T13:26:23.641Z] Public Web Skill Candidate Succeeded: "Local Human Intent Controller" (Saved to SQLite Skill Store)
[2026-07-29T13:26:23.642Z] Status file updated: /home/opc/computerintent/.lhic/continuous-training-status.json
[2026-07-29T13:26:23.642Z] [GitHub Sync] Committing 100k task suite iteration & pushing to origin/training-results...
[2026-07-29T13:26:23.994Z] [GitHub Sync Note] Push result: Command failed: git push origin training-results || git push -u origin training-results
fatal: could not read Username for 'https://github.com': No su
[2026-07-29T13:26:24.999Z] 
--- 100k Task Suite Cycle #67 (Tasks Completed: 3,350 / 100,000) ---
[2026-07-29T13:26:24.999Z] Elapsed: 1.09 hours | Remaining: 718.91 hours
[2026-07-29T13:26:24.999Z] [Step 1/3] Processing Parallel Resilience Simulation Benchmark (100 tasks on 20 threads)...
[2026-07-29T13:26:27.665Z] Resilience Result: Semantic targeting success rate=100%, delta=0.8
[2026-07-29T13:26:27.665Z] [Step 2/3] Training PyTorch 3D Behavior Cloning Neural Net across 20 threads...
[2026-07-29T13:27:18.748Z] PyTorch Fit Result: loss=6.4935, valLoss=6.3077, accuracy=66.9%
[2026-07-29T13:27:18.748Z] [Step 3/3] Training Verified Public-Web Candidate Skills into SQLite Store...
[2026-07-29T13:27:24.825Z] Public Web Skill Candidate Succeeded: "Deterministic Computer Automation" (Saved to SQLite Skill Store)
[2026-07-29T13:27:24.825Z] Status file updated: /home/opc/computerintent/.lhic/continuous-training-status.json
[2026-07-29T13:27:24.825Z] [GitHub Sync] Committing 100k task suite iteration & pushing to origin/training-results...
[2026-07-29T13:27:25.094Z] [GitHub Sync Note] Push result: Command failed: git push origin training-results || git push -u origin training-results
fatal: could not read Username for 'https://github.com': No su
[2026-07-29T13:27:26.098Z] 
--- 100k Task Suite Cycle #68 (Tasks Completed: 3,400 / 100,000) ---
[2026-07-29T13:27:26.098Z] Elapsed: 1.11 hours | Remaining: 718.89 hours
[2026-07-29T13:27:26.098Z] [Step 1/3] Processing Parallel Resilience Simulation Benchmark (100 tasks on 20 threads)...
[2026-07-29T13:27:28.670Z] Resilience Result: Semantic targeting success rate=100%, delta=0.8
[2026-07-29T13:27:28.671Z] [Step 2/3] Training PyTorch 3D Behavior Cloning Neural Net across 20 threads...
[2026-07-29T13:28:16.112Z] PyTorch Fit Result: loss=6.6422, valLoss=6.5193, accuracy=66.0%
[2026-07-29T13:28:16.113Z] [Step 3/3] Training Verified Public-Web Candidate Skills into SQLite Store...
[2026-07-29T13:28:22.431Z] Public Web Skill Candidate Succeeded: "Verifier Evidence Framework" (Saved to SQLite Skill Store)
[2026-07-29T13:28:22.432Z] Status file updated: /home/opc/computerintent/.lhic/continuous-training-status.json
[2026-07-29T13:28:22.432Z] [GitHub Sync] Committing 100k task suite iteration & pushing to origin/training-results...
[2026-07-29T13:28:22.717Z] [GitHub Sync Note] Push result: Command failed: git push origin training-results || git push -u origin training-results
fatal: could not read Username for 'https://github.com': No su
[2026-07-29T13:28:23.721Z] 
--- 100k Task Suite Cycle #69 (Tasks Completed: 3,450 / 100,000) ---
[2026-07-29T13:28:23.721Z] Elapsed: 1.12 hours | Remaining: 718.88 hours
[2026-07-29T13:28:23.721Z] [Step 1/3] Processing Parallel Resilience Simulation Benchmark (100 tasks on 20 threads)...
[2026-07-29T13:28:26.739Z] Resilience Result: Semantic targeting success rate=100%, delta=0.8
[2026-07-29T13:28:26.739Z] [Step 2/3] Training PyTorch 3D Behavior Cloning Neural Net across 20 threads...
[2026-07-29T13:29:14.547Z] PyTorch Fit Result: loss=6.6548, valLoss=6.5173, accuracy=67.3%
[2026-07-29T13:29:14.548Z] [Step 3/3] Training Verified Public-Web Candidate Skills into SQLite Store...
[2026-07-29T13:29:20.731Z] Public Web Skill Candidate Succeeded: "Antigravity Agentic Coding" (Saved to SQLite Skill Store)
[2026-07-29T13:29:20.732Z] Status file updated: /home/opc/computerintent/.lhic/continuous-training-status.json
[2026-07-29T13:29:20.732Z] [GitHub Sync] Committing 100k task suite iteration & pushing to origin/training-results...
[2026-07-29T13:29:21.018Z] [GitHub Sync Note] Push result: Command failed: git push origin training-results || git push -u origin training-results
fatal: could not read Username for 'https://github.com': No su
[2026-07-29T13:29:22.022Z] 
--- 100k Task Suite Cycle #70 (Tasks Completed: 3,500 / 100,000) ---
[2026-07-29T13:29:22.022Z] Elapsed: 1.14 hours | Remaining: 718.86 hours
[2026-07-29T13:29:22.022Z] [Step 1/3] Processing Parallel Resilience Simulation Benchmark (100 tasks on 20 threads)...
[2026-07-29T13:29:25.041Z] Resilience Result: Semantic targeting success rate=100%, delta=0.8
[2026-07-29T13:29:25.042Z] [Step 2/3] Training PyTorch 3D Behavior Cloning Neural Net across 20 threads...
[2026-07-29T13:30:16.072Z] PyTorch Fit Result: loss=6.6625, valLoss=6.5621, accuracy=67.6%
[2026-07-29T13:30:16.073Z] [Step 3/3] Training Verified Public-Web Candidate Skills into SQLite Store...
[2026-07-29T13:30:22.914Z] Public Web Skill Candidate Succeeded: "Local Human Intent Controller" (Saved to SQLite Skill Store)
[2026-07-29T13:30:22.914Z] Status file updated: /home/opc/computerintent/.lhic/continuous-training-status.json
[2026-07-29T13:30:22.914Z] [GitHub Sync] Committing 100k task suite iteration & pushing to origin/training-results...
[2026-07-29T13:30:23.189Z] [GitHub Sync Note] Push result: Command failed: git push origin training-results || git push -u origin training-results
fatal: could not read Username for 'https://github.com': No su
[2026-07-29T13:30:24.193Z] 
--- 100k Task Suite Cycle #71 (Tasks Completed: 3,550 / 100,000) ---
[2026-07-29T13:30:24.193Z] Elapsed: 1.16 hours | Remaining: 718.84 hours
[2026-07-29T13:30:24.193Z] [Step 1/3] Processing Parallel Resilience Simulation Benchmark (100 tasks on 20 threads)...
[2026-07-29T13:30:26.760Z] Resilience Result: Semantic targeting success rate=100%, delta=0.8
[2026-07-29T13:30:26.760Z] [Step 2/3] Training PyTorch 3D Behavior Cloning Neural Net across 20 threads...
[2026-07-29T13:31:13.907Z] PyTorch Fit Result: loss=6.6898, valLoss=6.5440, accuracy=68.4%
[2026-07-29T13:31:13.908Z] [Step 3/3] Training Verified Public-Web Candidate Skills into SQLite Store...
[2026-07-29T13:31:20.164Z] Public Web Skill Candidate Succeeded: "Deterministic Computer Automation" (Saved to SQLite Skill Store)
[2026-07-29T13:31:20.165Z] Status file updated: /home/opc/computerintent/.lhic/continuous-training-status.json
[2026-07-29T13:31:20.165Z] [GitHub Sync] Committing 100k task suite iteration & pushing to origin/training-results...
[2026-07-29T13:31:20.456Z] [GitHub Sync Note] Push result: Command failed: git push origin training-results || git push -u origin training-results
fatal: could not read Username for 'https://github.com': No su
[2026-07-29T13:31:21.461Z] 
--- 100k Task Suite Cycle #72 (Tasks Completed: 3,600 / 100,000) ---
[2026-07-29T13:31:21.461Z] Elapsed: 1.17 hours | Remaining: 718.83 hours
[2026-07-29T13:31:21.461Z] [Step 1/3] Processing Parallel Resilience Simulation Benchmark (100 tasks on 20 threads)...
[2026-07-29T13:31:24.518Z] Resilience Result: Semantic targeting success rate=100%, delta=0.8
[2026-07-29T13:31:24.518Z] [Step 2/3] Training PyTorch 3D Behavior Cloning Neural Net across 20 threads...
[2026-07-29T13:32:13.160Z] PyTorch Fit Result: loss=6.6391, valLoss=6.5508, accuracy=68.7%
[2026-07-29T13:32:13.161Z] [Step 3/3] Training Verified Public-Web Candidate Skills into SQLite Store...
[2026-07-29T13:32:20.023Z] Public Web Skill Candidate Succeeded: "Verifier Evidence Framework" (Saved to SQLite Skill Store)
[2026-07-29T13:32:20.024Z] Status file updated: /home/opc/computerintent/.lhic/continuous-training-status.json
[2026-07-29T13:32:20.024Z] [GitHub Sync] Committing 100k task suite iteration & pushing to origin/training-results...
[2026-07-29T13:32:20.323Z] [GitHub Sync Note] Push result: Command failed: git push origin training-results || git push -u origin training-results
fatal: could not read Username for 'https://github.com': No su
[2026-07-29T13:32:21.327Z] 
--- 100k Task Suite Cycle #73 (Tasks Completed: 3,650 / 100,000) ---
[2026-07-29T13:32:21.327Z] Elapsed: 1.19 hours | Remaining: 718.81 hours
[2026-07-29T13:32:21.327Z] [Step 1/3] Processing Parallel Resilience Simulation Benchmark (100 tasks on 20 threads)...
[2026-07-29T13:32:24.060Z] Resilience Result: Semantic targeting success rate=100%, delta=0.8
[2026-07-29T13:32:24.061Z] [Step 2/3] Training PyTorch 3D Behavior Cloning Neural Net across 20 threads...
[2026-07-29T13:33:15.076Z] PyTorch Fit Result: loss=6.7046, valLoss=6.5774, accuracy=67.5%
[2026-07-29T13:33:15.077Z] [Step 3/3] Training Verified Public-Web Candidate Skills into SQLite Store...
[2026-07-29T13:33:21.350Z] Public Web Skill Candidate Succeeded: "Antigravity Agentic Coding" (Saved to SQLite Skill Store)
[2026-07-29T13:33:21.351Z] Status file updated: /home/opc/computerintent/.lhic/continuous-training-status.json
[2026-07-29T13:33:21.351Z] [GitHub Sync] Committing 100k task suite iteration & pushing to origin/training-results...
[2026-07-29T13:33:21.655Z] [GitHub Sync Note] Push result: Command failed: git push origin training-results || git push -u origin training-results
fatal: could not read Username for 'https://github.com': No su
[2026-07-29T13:33:22.661Z] 
--- 100k Task Suite Cycle #74 (Tasks Completed: 3,700 / 100,000) ---
[2026-07-29T13:33:22.661Z] Elapsed: 1.21 hours | Remaining: 718.79 hours
[2026-07-29T13:33:22.661Z] [Step 1/3] Processing Parallel Resilience Simulation Benchmark (100 tasks on 20 threads)...
[2026-07-29T13:33:25.786Z] Resilience Result: Semantic targeting success rate=100%, delta=0.8
[2026-07-29T13:33:25.787Z] [Step 2/3] Training PyTorch 3D Behavior Cloning Neural Net across 20 threads...
[2026-07-29T13:34:18.837Z] PyTorch Fit Result: loss=6.6519, valLoss=6.5751, accuracy=46.6%
[2026-07-29T13:34:18.838Z] [Step 3/3] Training Verified Public-Web Candidate Skills into SQLite Store...
[2026-07-29T13:34:25.662Z] Public Web Skill Candidate Succeeded: "Local Human Intent Controller" (Saved to SQLite Skill Store)
[2026-07-29T13:34:25.662Z] Status file updated: /home/opc/computerintent/.lhic/continuous-training-status.json
[2026-07-29T13:34:25.662Z] [GitHub Sync] Committing 100k task suite iteration & pushing to origin/training-results...
[2026-07-29T13:34:25.949Z] [GitHub Sync Note] Push result: Command failed: git push origin training-results || git push -u origin training-results
fatal: could not read Username for 'https://github.com': No su
[2026-07-29T13:34:26.954Z] 
--- 100k Task Suite Cycle #75 (Tasks Completed: 3,750 / 100,000) ---
[2026-07-29T13:34:26.954Z] Elapsed: 1.22 hours | Remaining: 718.78 hours
[2026-07-29T13:34:26.954Z] [Step 1/3] Processing Parallel Resilience Simulation Benchmark (100 tasks on 20 threads)...
[2026-07-29T13:34:29.765Z] Resilience Result: Semantic targeting success rate=100%, delta=0.8
[2026-07-29T13:34:29.765Z] [Step 2/3] Training PyTorch 3D Behavior Cloning Neural Net across 20 threads...
[2026-07-29T13:35:21.640Z] PyTorch Fit Result: loss=6.4896, valLoss=6.3586, accuracy=66.0%
[2026-07-29T13:35:21.641Z] [Step 3/3] Training Verified Public-Web Candidate Skills into SQLite Store...
[2026-07-29T13:35:28.085Z] Public Web Skill Candidate Succeeded: "Deterministic Computer Automation" (Saved to SQLite Skill Store)
[2026-07-29T13:35:28.086Z] Status file updated: /home/opc/computerintent/.lhic/continuous-training-status.json
[2026-07-29T13:35:28.086Z] [GitHub Sync] Committing 100k task suite iteration & pushing to origin/training-results...
[2026-07-29T13:35:28.388Z] [GitHub Sync Note] Push result: Command failed: git push origin training-results || git push -u origin training-results
fatal: could not read Username for 'https://github.com': No su
[2026-07-29T13:35:29.393Z] 
--- 100k Task Suite Cycle #76 (Tasks Completed: 3,800 / 100,000) ---
[2026-07-29T13:35:29.393Z] Elapsed: 1.24 hours | Remaining: 718.76 hours
[2026-07-29T13:35:29.393Z] [Step 1/3] Processing Parallel Resilience Simulation Benchmark (100 tasks on 20 threads)...
[2026-07-29T13:35:32.393Z] Resilience Result: Semantic targeting success rate=100%, delta=0.8
[2026-07-29T13:35:32.393Z] [Step 2/3] Training PyTorch 3D Behavior Cloning Neural Net across 20 threads...
[2026-07-29T13:36:23.434Z] PyTorch Fit Result: loss=6.6135, valLoss=6.4574, accuracy=68.4%
[2026-07-29T13:36:23.435Z] [Step 3/3] Training Verified Public-Web Candidate Skills into SQLite Store...
[2026-07-29T13:36:29.919Z] Public Web Skill Candidate Succeeded: "Verifier Evidence Framework" (Saved to SQLite Skill Store)
[2026-07-29T13:36:29.920Z] Status file updated: /home/opc/computerintent/.lhic/continuous-training-status.json
[2026-07-29T13:36:29.920Z] [GitHub Sync] Committing 100k task suite iteration & pushing to origin/training-results...
[2026-07-29T13:36:30.205Z] [GitHub Sync Note] Push result: Command failed: git push origin training-results || git push -u origin training-results
fatal: could not read Username for 'https://github.com': No su
[2026-07-29T13:36:31.210Z] 
--- 100k Task Suite Cycle #77 (Tasks Completed: 3,850 / 100,000) ---
[2026-07-29T13:36:31.210Z] Elapsed: 1.26 hours | Remaining: 718.74 hours
[2026-07-29T13:36:31.210Z] [Step 1/3] Processing Parallel Resilience Simulation Benchmark (100 tasks on 20 threads)...
[2026-07-29T13:36:33.966Z] Resilience Result: Semantic targeting success rate=100%, delta=0.8
[2026-07-29T13:36:33.966Z] [Step 2/3] Training PyTorch 3D Behavior Cloning Neural Net across 20 threads...
[2026-07-29T13:37:25.720Z] PyTorch Fit Result: loss=6.5198, valLoss=6.3724, accuracy=67.3%
[2026-07-29T13:37:25.721Z] [Step 3/3] Training Verified Public-Web Candidate Skills into SQLite Store...
[2026-07-29T13:37:31.919Z] Public Web Skill Candidate Succeeded: "Antigravity Agentic Coding" (Saved to SQLite Skill Store)
[2026-07-29T13:37:31.920Z] Status file updated: /home/opc/computerintent/.lhic/continuous-training-status.json
[2026-07-29T13:37:31.920Z] [GitHub Sync] Committing 100k task suite iteration & pushing to origin/training-results...
[2026-07-29T13:37:32.203Z] [GitHub Sync Note] Push result: Command failed: git push origin training-results || git push -u origin training-results
fatal: could not read Username for 'https://github.com': No su
[2026-07-29T13:37:33.207Z] 
--- 100k Task Suite Cycle #78 (Tasks Completed: 3,900 / 100,000) ---
[2026-07-29T13:37:33.207Z] Elapsed: 1.28 hours | Remaining: 718.72 hours
[2026-07-29T13:37:33.207Z] [Step 1/3] Processing Parallel Resilience Simulation Benchmark (100 tasks on 20 threads)...
[2026-07-29T13:37:36.001Z] Resilience Result: Semantic targeting success rate=100%, delta=0.8
[2026-07-29T13:37:36.002Z] [Step 2/3] Training PyTorch 3D Behavior Cloning Neural Net across 20 threads...
[2026-07-29T13:38:23.135Z] PyTorch Fit Result: loss=6.4729, valLoss=6.2830, accuracy=57.8%
[2026-07-29T13:38:23.136Z] [Step 3/3] Training Verified Public-Web Candidate Skills into SQLite Store...
[2026-07-29T13:38:29.784Z] Public Web Skill Candidate Succeeded: "Local Human Intent Controller" (Saved to SQLite Skill Store)
[2026-07-29T13:38:29.784Z] Status file updated: /home/opc/computerintent/.lhic/continuous-training-status.json
[2026-07-29T13:38:29.784Z] [GitHub Sync] Committing 100k task suite iteration & pushing to origin/training-results...
[2026-07-29T13:38:30.080Z] [GitHub Sync Note] Push result: Command failed: git push origin training-results || git push -u origin training-results
fatal: could not read Username for 'https://github.com': No su
[2026-07-29T13:38:31.084Z] 
--- 100k Task Suite Cycle #79 (Tasks Completed: 3,950 / 100,000) ---
[2026-07-29T13:38:31.084Z] Elapsed: 1.29 hours | Remaining: 718.71 hours
[2026-07-29T13:38:31.084Z] [Step 1/3] Processing Parallel Resilience Simulation Benchmark (100 tasks on 20 threads)...
[2026-07-29T13:38:33.643Z] Resilience Result: Semantic targeting success rate=100%, delta=0.8
[2026-07-29T13:38:33.644Z] [Step 2/3] Training PyTorch 3D Behavior Cloning Neural Net across 20 threads...
[2026-07-29T13:39:21.051Z] PyTorch Fit Result: loss=6.7197, valLoss=6.6156, accuracy=46.3%
[2026-07-29T13:39:21.052Z] [Step 3/3] Training Verified Public-Web Candidate Skills into SQLite Store...
[2026-07-29T13:39:27.818Z] Public Web Skill Candidate Succeeded: "Deterministic Computer Automation" (Saved to SQLite Skill Store)
[2026-07-29T13:39:27.819Z] Status file updated: /home/opc/computerintent/.lhic/continuous-training-status.json
[2026-07-29T13:39:27.819Z] [GitHub Sync] Committing 100k task suite iteration & pushing to origin/training-results...
[2026-07-29T13:39:28.116Z] [GitHub Sync Note] Push result: Command failed: git push origin training-results || git push -u origin training-results
fatal: could not read Username for 'https://github.com': No su
[2026-07-29T13:39:29.120Z] 
--- 100k Task Suite Cycle #80 (Tasks Completed: 4,000 / 100,000) ---
[2026-07-29T13:39:29.120Z] Elapsed: 1.31 hours | Remaining: 718.69 hours
[2026-07-29T13:39:29.120Z] [Step 1/3] Processing Parallel Resilience Simulation Benchmark (100 tasks on 20 threads)...
[2026-07-29T13:39:31.620Z] Resilience Result: Semantic targeting success rate=100%, delta=0.8
[2026-07-29T13:39:31.620Z] [Step 2/3] Training PyTorch 3D Behavior Cloning Neural Net across 20 threads...
[2026-07-29T13:39:44.938Z] Game record failed: node:internal/process/promises:394
    triggerUncaughtException(err, true /* fromPromise */);
    ^

page.waitForTimeout: Target page, context or browser has been closed
    at runScriptedBrowserDemon
[2026-07-29T13:39:44.939Z] [Step 3/3] Training Verified Public-Web Candidate Skills into SQLite Store...
[2026-07-29T13:39:51.462Z] Public Web Skill Candidate Succeeded: "Verifier Evidence Framework" (Saved to SQLite Skill Store)
[2026-07-29T13:39:51.463Z] Status file updated: /home/opc/computerintent/.lhic/continuous-training-status.json
[2026-07-29T13:39:51.463Z] [GitHub Sync] Committing 100k task suite iteration & pushing to origin/training-results...
[2026-07-29T13:39:51.773Z] [GitHub Sync Note] Push result: Command failed: git push origin training-results || git push -u origin training-results
fatal: could not read Username for 'https://github.com': No su
[2026-07-29T13:39:52.778Z] 
--- 100k Task Suite Cycle #81 (Tasks Completed: 4,050 / 100,000) ---
[2026-07-29T13:39:52.779Z] Elapsed: 1.31 hours | Remaining: 718.69 hours
[2026-07-29T13:39:52.779Z] [Step 1/3] Processing Parallel Resilience Simulation Benchmark (100 tasks on 20 threads)...
[2026-07-29T13:39:55.498Z] Resilience Result: Semantic targeting success rate=100%, delta=0.8
[2026-07-29T13:39:55.499Z] [Step 2/3] Training PyTorch 3D Behavior Cloning Neural Net across 20 threads...
[2026-07-29T13:40:47.273Z] PyTorch Fit Result: loss=6.3115, valLoss=6.0661, accuracy=67.3%
[2026-07-29T13:40:47.274Z] [Step 3/3] Training Verified Public-Web Candidate Skills into SQLite Store...
[2026-07-29T13:40:53.588Z] Public Web Skill Candidate Succeeded: "Antigravity Agentic Coding" (Saved to SQLite Skill Store)
[2026-07-29T13:40:53.589Z] Status file updated: /home/opc/computerintent/.lhic/continuous-training-status.json
[2026-07-29T13:40:53.589Z] [GitHub Sync] Committing 100k task suite iteration & pushing to origin/training-results...
[2026-07-29T13:40:53.888Z] [GitHub Sync Note] Push result: Command failed: git push origin training-results || git push -u origin training-results
fatal: could not read Username for 'https://github.com': No su
[2026-07-29T13:40:54.892Z] 
--- 100k Task Suite Cycle #82 (Tasks Completed: 4,100 / 100,000) ---
[2026-07-29T13:40:54.892Z] Elapsed: 1.33 hours | Remaining: 718.67 hours
[2026-07-29T13:40:54.892Z] [Step 1/3] Processing Parallel Resilience Simulation Benchmark (100 tasks on 20 threads)...
[2026-07-29T13:40:57.777Z] Resilience Result: Semantic targeting success rate=100%, delta=0.8
[2026-07-29T13:40:57.777Z] [Step 2/3] Training PyTorch 3D Behavior Cloning Neural Net across 20 threads...
[2026-07-29T13:41:46.666Z] PyTorch Fit Result: loss=6.6610, valLoss=6.5642, accuracy=68.0%
[2026-07-29T13:41:46.667Z] [Step 3/3] Training Verified Public-Web Candidate Skills into SQLite Store...
[2026-07-29T13:41:53.307Z] Public Web Skill Candidate Succeeded: "Local Human Intent Controller" (Saved to SQLite Skill Store)
[2026-07-29T13:41:53.308Z] Status file updated: /home/opc/computerintent/.lhic/continuous-training-status.json
[2026-07-29T13:41:53.308Z] [GitHub Sync] Committing 100k task suite iteration & pushing to origin/training-results...
[2026-07-29T13:41:53.603Z] [GitHub Sync Note] Push result: Command failed: git push origin training-results || git push -u origin training-results
fatal: could not read Username for 'https://github.com': No su
[2026-07-29T13:41:54.608Z] 
--- 100k Task Suite Cycle #83 (Tasks Completed: 4,150 / 100,000) ---
[2026-07-29T13:41:54.609Z] Elapsed: 1.35 hours | Remaining: 718.65 hours
[2026-07-29T13:41:54.609Z] [Step 1/3] Processing Parallel Resilience Simulation Benchmark (100 tasks on 20 threads)...
[2026-07-29T13:41:57.794Z] Resilience Result: Semantic targeting success rate=100%, delta=0.8
[2026-07-29T13:41:57.794Z] [Step 2/3] Training PyTorch 3D Behavior Cloning Neural Net across 20 threads...
[2026-07-29T13:42:49.061Z] PyTorch Fit Result: loss=6.5489, valLoss=6.4211, accuracy=66.2%
[2026-07-29T13:42:49.062Z] [Step 3/3] Training Verified Public-Web Candidate Skills into SQLite Store...
[2026-07-29T13:42:55.638Z] Public Web Skill Candidate Succeeded: "Deterministic Computer Automation" (Saved to SQLite Skill Store)
[2026-07-29T13:42:55.639Z] Status file updated: /home/opc/computerintent/.lhic/continuous-training-status.json
[2026-07-29T13:42:55.640Z] [GitHub Sync] Committing 100k task suite iteration & pushing to origin/training-results...
[2026-07-29T13:42:55.927Z] [GitHub Sync Note] Push result: Command failed: git push origin training-results || git push -u origin training-results
fatal: could not read Username for 'https://github.com': No su
[2026-07-29T13:42:56.931Z] 
--- 100k Task Suite Cycle #84 (Tasks Completed: 4,200 / 100,000) ---
[2026-07-29T13:42:56.932Z] Elapsed: 1.37 hours | Remaining: 718.63 hours
[2026-07-29T13:42:56.932Z] [Step 1/3] Processing Parallel Resilience Simulation Benchmark (100 tasks on 20 threads)...
[2026-07-29T13:42:59.870Z] Resilience Result: Semantic targeting success rate=100%, delta=0.8
[2026-07-29T13:42:59.870Z] [Step 2/3] Training PyTorch 3D Behavior Cloning Neural Net across 20 threads...
[2026-07-29T13:43:47.832Z] PyTorch Fit Result: loss=6.5843, valLoss=6.4537, accuracy=66.0%
[2026-07-29T13:43:47.833Z] [Step 3/3] Training Verified Public-Web Candidate Skills into SQLite Store...
[2026-07-29T13:43:54.183Z] Public Web Skill Candidate Succeeded: "Verifier Evidence Framework" (Saved to SQLite Skill Store)
[2026-07-29T13:43:54.183Z] Status file updated: /home/opc/computerintent/.lhic/continuous-training-status.json
[2026-07-29T13:43:54.183Z] [GitHub Sync] Committing 100k task suite iteration & pushing to origin/training-results...
[2026-07-29T13:43:54.459Z] [GitHub Sync Note] Push result: Command failed: git push origin training-results || git push -u origin training-results
fatal: could not read Username for 'https://github.com': No su
[2026-07-29T13:43:55.464Z] 
--- 100k Task Suite Cycle #85 (Tasks Completed: 4,250 / 100,000) ---
[2026-07-29T13:43:55.464Z] Elapsed: 1.38 hours | Remaining: 718.62 hours
[2026-07-29T13:43:55.464Z] [Step 1/3] Processing Parallel Resilience Simulation Benchmark (100 tasks on 20 threads)...
[2026-07-29T13:43:58.368Z] Resilience Result: Semantic targeting success rate=100%, delta=0.8
[2026-07-29T13:43:58.368Z] [Step 2/3] Training PyTorch 3D Behavior Cloning Neural Net across 20 threads...
[2026-07-29T13:44:49.108Z] PyTorch Fit Result: loss=6.5617, valLoss=6.4321, accuracy=68.4%
[2026-07-29T13:44:49.108Z] [Step 3/3] Training Verified Public-Web Candidate Skills into SQLite Store...
[2026-07-29T13:44:55.414Z] Public Web Skill Candidate Succeeded: "Antigravity Agentic Coding" (Saved to SQLite Skill Store)
[2026-07-29T13:44:55.415Z] Status file updated: /home/opc/computerintent/.lhic/continuous-training-status.json
[2026-07-29T13:44:55.415Z] [GitHub Sync] Committing 100k task suite iteration & pushing to origin/training-results...
[2026-07-29T13:44:55.692Z] [GitHub Sync Note] Push result: Command failed: git push origin training-results || git push -u origin training-results
fatal: could not read Username for 'https://github.com': No su
[2026-07-29T13:44:56.697Z] 
--- 100k Task Suite Cycle #86 (Tasks Completed: 4,300 / 100,000) ---
[2026-07-29T13:44:56.697Z] Elapsed: 1.40 hours | Remaining: 718.60 hours
[2026-07-29T13:44:56.697Z] [Step 1/3] Processing Parallel Resilience Simulation Benchmark (100 tasks on 20 threads)...
[2026-07-29T13:44:59.245Z] Resilience Result: Semantic targeting success rate=100%, delta=0.8
[2026-07-29T13:44:59.245Z] [Step 2/3] Training PyTorch 3D Behavior Cloning Neural Net across 20 threads...
[2026-07-29T13:45:45.402Z] PyTorch Fit Result: loss=6.5635, valLoss=6.4485, accuracy=64.9%
[2026-07-29T13:45:45.403Z] [Step 3/3] Training Verified Public-Web Candidate Skills into SQLite Store...
[2026-07-29T13:45:51.771Z] Public Web Skill Candidate Succeeded: "Local Human Intent Controller" (Saved to SQLite Skill Store)
[2026-07-29T13:45:51.772Z] Status file updated: /home/opc/computerintent/.lhic/continuous-training-status.json
[2026-07-29T13:45:51.772Z] [GitHub Sync] Committing 100k task suite iteration & pushing to origin/training-results...
[2026-07-29T13:45:52.060Z] [GitHub Sync Note] Push result: Command failed: git push origin training-results || git push -u origin training-results
fatal: could not read Username for 'https://github.com': No su
[2026-07-29T13:45:53.065Z] 
--- 100k Task Suite Cycle #87 (Tasks Completed: 4,350 / 100,000) ---
[2026-07-29T13:45:53.066Z] Elapsed: 1.41 hours | Remaining: 718.59 hours
[2026-07-29T13:45:53.066Z] [Step 1/3] Processing Parallel Resilience Simulation Benchmark (100 tasks on 20 threads)...
[2026-07-29T13:45:55.871Z] Resilience Result: Semantic targeting success rate=100%, delta=0.8
[2026-07-29T13:45:55.871Z] [Step 2/3] Training PyTorch 3D Behavior Cloning Neural Net across 20 threads...
[2026-07-29T13:46:43.421Z] PyTorch Fit Result: loss=6.5414, valLoss=6.3676, accuracy=67.3%
[2026-07-29T13:46:43.422Z] [Step 3/3] Training Verified Public-Web Candidate Skills into SQLite Store...
[2026-07-29T13:46:49.868Z] Public Web Skill Candidate Succeeded: "Deterministic Computer Automation" (Saved to SQLite Skill Store)
[2026-07-29T13:46:49.868Z] Status file updated: /home/opc/computerintent/.lhic/continuous-training-status.json
[2026-07-29T13:46:49.868Z] [GitHub Sync] Committing 100k task suite iteration & pushing to origin/training-results...
[2026-07-29T13:46:50.154Z] [GitHub Sync Note] Push result: Command failed: git push origin training-results || git push -u origin training-results
fatal: could not read Username for 'https://github.com': No su
[2026-07-29T13:46:51.159Z] 
--- 100k Task Suite Cycle #88 (Tasks Completed: 4,400 / 100,000) ---
[2026-07-29T13:46:51.159Z] Elapsed: 1.43 hours | Remaining: 718.57 hours
[2026-07-29T13:46:51.159Z] [Step 1/3] Processing Parallel Resilience Simulation Benchmark (100 tasks on 20 threads)...
[2026-07-29T13:46:53.981Z] Resilience Result: Semantic targeting success rate=100%, delta=0.8
[2026-07-29T13:46:53.981Z] [Step 2/3] Training PyTorch 3D Behavior Cloning Neural Net across 20 threads...
[2026-07-29T13:47:40.775Z] PyTorch Fit Result: loss=6.7137, valLoss=6.6682, accuracy=46.3%
[2026-07-29T13:47:40.776Z] [Step 3/3] Training Verified Public-Web Candidate Skills into SQLite Store...
[2026-07-29T13:47:47.124Z] Public Web Skill Candidate Succeeded: "Verifier Evidence Framework" (Saved to SQLite Skill Store)
[2026-07-29T13:47:47.125Z] Status file updated: /home/opc/computerintent/.lhic/continuous-training-status.json
[2026-07-29T13:47:47.125Z] [GitHub Sync] Committing 100k task suite iteration & pushing to origin/training-results...
[2026-07-29T13:47:47.628Z] [GitHub Sync Note] Push result: Command failed: git push origin training-results || git push -u origin training-results
fatal: could not read Username for 'https://github.com': No su
[2026-07-29T13:47:48.633Z] 
--- 100k Task Suite Cycle #89 (Tasks Completed: 4,450 / 100,000) ---
[2026-07-29T13:47:48.633Z] Elapsed: 1.45 hours | Remaining: 718.55 hours
[2026-07-29T13:47:48.633Z] [Step 1/3] Processing Parallel Resilience Simulation Benchmark (100 tasks on 20 threads)...
[2026-07-29T13:47:51.702Z] Resilience Result: Semantic targeting success rate=100%, delta=0.8
[2026-07-29T13:47:51.702Z] [Step 2/3] Training PyTorch 3D Behavior Cloning Neural Net across 20 threads...
[2026-07-29T13:48:43.178Z] PyTorch Fit Result: loss=6.5275, valLoss=6.3677, accuracy=68.6%
[2026-07-29T13:48:43.179Z] [Step 3/3] Training Verified Public-Web Candidate Skills into SQLite Store...
[2026-07-29T13:48:49.668Z] Public Web Skill Candidate Succeeded: "Antigravity Agentic Coding" (Saved to SQLite Skill Store)
[2026-07-29T13:48:49.668Z] Status file updated: /home/opc/computerintent/.lhic/continuous-training-status.json
[2026-07-29T13:48:49.668Z] [GitHub Sync] Committing 100k task suite iteration & pushing to origin/training-results...
[2026-07-29T13:48:49.964Z] [GitHub Sync Note] Push result: Command failed: git push origin training-results || git push -u origin training-results
fatal: could not read Username for 'https://github.com': No su
[2026-07-29T13:48:50.969Z] 
--- 100k Task Suite Cycle #90 (Tasks Completed: 4,500 / 100,000) ---
[2026-07-29T13:48:50.969Z] Elapsed: 1.46 hours | Remaining: 718.54 hours
[2026-07-29T13:48:50.969Z] [Step 1/3] Processing Parallel Resilience Simulation Benchmark (100 tasks on 20 threads)...
[2026-07-29T13:48:53.978Z] Resilience Result: Semantic targeting success rate=100%, delta=0.8
[2026-07-29T13:48:53.979Z] [Step 2/3] Training PyTorch 3D Behavior Cloning Neural Net across 20 threads...
[2026-07-29T13:49:43.306Z] PyTorch Fit Result: loss=6.7043, valLoss=6.5828, accuracy=68.0%
[2026-07-29T13:49:43.307Z] [Step 3/3] Training Verified Public-Web Candidate Skills into SQLite Store...
[2026-07-29T13:49:50.403Z] Public Web Skill Candidate Succeeded: "Local Human Intent Controller" (Saved to SQLite Skill Store)
[2026-07-29T13:49:50.403Z] Status file updated: /home/opc/computerintent/.lhic/continuous-training-status.json
[2026-07-29T13:49:50.403Z] [GitHub Sync] Committing 100k task suite iteration & pushing to origin/training-results...
[2026-07-29T13:49:50.693Z] [GitHub Sync Note] Push result: Command failed: git push origin training-results || git push -u origin training-results
fatal: could not read Username for 'https://github.com': No su
[2026-07-29T13:49:51.697Z] 
--- 100k Task Suite Cycle #91 (Tasks Completed: 4,550 / 100,000) ---
[2026-07-29T13:49:51.697Z] Elapsed: 1.48 hours | Remaining: 718.52 hours
[2026-07-29T13:49:51.697Z] [Step 1/3] Processing Parallel Resilience Simulation Benchmark (100 tasks on 20 threads)...
[2026-07-29T13:49:54.378Z] Resilience Result: Semantic targeting success rate=100%, delta=0.8
[2026-07-29T13:49:54.378Z] [Step 2/3] Training PyTorch 3D Behavior Cloning Neural Net across 20 threads...
[2026-07-29T13:50:42.295Z] PyTorch Fit Result: loss=6.7132, valLoss=6.6036, accuracy=66.9%
[2026-07-29T13:50:42.296Z] [Step 3/3] Training Verified Public-Web Candidate Skills into SQLite Store...
[2026-07-29T13:50:48.629Z] Public Web Skill Candidate Succeeded: "Deterministic Computer Automation" (Saved to SQLite Skill Store)
[2026-07-29T13:50:48.629Z] Status file updated: /home/opc/computerintent/.lhic/continuous-training-status.json
[2026-07-29T13:50:48.629Z] [GitHub Sync] Committing 100k task suite iteration & pushing to origin/training-results...
[2026-07-29T13:50:48.919Z] [GitHub Sync Note] Push result: Command failed: git push origin training-results || git push -u origin training-results
fatal: could not read Username for 'https://github.com': No su
[2026-07-29T13:50:49.924Z] 
--- 100k Task Suite Cycle #92 (Tasks Completed: 4,600 / 100,000) ---
[2026-07-29T13:50:49.924Z] Elapsed: 1.50 hours | Remaining: 718.50 hours
[2026-07-29T13:50:49.924Z] [Step 1/3] Processing Parallel Resilience Simulation Benchmark (100 tasks on 20 threads)...
[2026-07-29T13:50:52.431Z] Resilience Result: Semantic targeting success rate=100%, delta=0.8
[2026-07-29T13:50:52.431Z] [Step 2/3] Training PyTorch 3D Behavior Cloning Neural Net across 20 threads...
[2026-07-29T13:51:39.754Z] PyTorch Fit Result: loss=6.6629, valLoss=6.5503, accuracy=57.1%
[2026-07-29T13:51:39.755Z] [Step 3/3] Training Verified Public-Web Candidate Skills into SQLite Store...
[2026-07-29T13:51:46.257Z] Public Web Skill Candidate Succeeded: "Verifier Evidence Framework" (Saved to SQLite Skill Store)
[2026-07-29T13:51:46.258Z] Status file updated: /home/opc/computerintent/.lhic/continuous-training-status.json
[2026-07-29T13:51:46.258Z] [GitHub Sync] Committing 100k task suite iteration & pushing to origin/training-results...
[2026-07-29T13:51:46.546Z] [GitHub Sync Note] Push result: Command failed: git push origin training-results || git push -u origin training-results
fatal: could not read Username for 'https://github.com': No su
[2026-07-29T13:51:47.551Z] 
--- 100k Task Suite Cycle #93 (Tasks Completed: 4,650 / 100,000) ---
[2026-07-29T13:51:47.551Z] Elapsed: 1.51 hours | Remaining: 718.49 hours
[2026-07-29T13:51:47.551Z] [Step 1/3] Processing Parallel Resilience Simulation Benchmark (100 tasks on 20 threads)...
[2026-07-29T13:51:50.179Z] Resilience Result: Semantic targeting success rate=100%, delta=0.8
[2026-07-29T13:51:50.179Z] [Step 2/3] Training PyTorch 3D Behavior Cloning Neural Net across 20 threads...
[2026-07-29T13:52:37.953Z] PyTorch Fit Result: loss=6.5865, valLoss=6.4593, accuracy=67.5%
[2026-07-29T13:52:37.954Z] [Step 3/3] Training Verified Public-Web Candidate Skills into SQLite Store...
[2026-07-29T13:52:44.207Z] Public Web Skill Candidate Succeeded: "Antigravity Agentic Coding" (Saved to SQLite Skill Store)
[2026-07-29T13:52:44.207Z] Status file updated: /home/opc/computerintent/.lhic/continuous-training-status.json
[2026-07-29T13:52:44.207Z] [GitHub Sync] Committing 100k task suite iteration & pushing to origin/training-results...
[2026-07-29T13:52:44.502Z] [GitHub Sync Note] Push result: Command failed: git push origin training-results || git push -u origin training-results
fatal: could not read Username for 'https://github.com': No su
[2026-07-29T13:52:45.506Z] 
--- 100k Task Suite Cycle #94 (Tasks Completed: 4,700 / 100,000) ---
[2026-07-29T13:52:45.506Z] Elapsed: 1.53 hours | Remaining: 718.47 hours
[2026-07-29T13:52:45.506Z] [Step 1/3] Processing Parallel Resilience Simulation Benchmark (100 tasks on 20 threads)...
[2026-07-29T13:52:48.139Z] Resilience Result: Semantic targeting success rate=100%, delta=0.8
[2026-07-29T13:52:48.139Z] [Step 2/3] Training PyTorch 3D Behavior Cloning Neural Net across 20 threads...
[2026-07-29T13:53:35.464Z] PyTorch Fit Result: loss=6.6198, valLoss=6.4851, accuracy=68.3%
[2026-07-29T13:53:35.465Z] [Step 3/3] Training Verified Public-Web Candidate Skills into SQLite Store...
[2026-07-29T13:53:41.686Z] Public Web Skill Candidate Succeeded: "Local Human Intent Controller" (Saved to SQLite Skill Store)
[2026-07-29T13:53:41.687Z] Status file updated: /home/opc/computerintent/.lhic/continuous-training-status.json
[2026-07-29T13:53:41.687Z] [GitHub Sync] Committing 100k task suite iteration & pushing to origin/training-results...
[2026-07-29T13:53:41.968Z] [GitHub Sync Note] Push result: Command failed: git push origin training-results || git push -u origin training-results
fatal: could not read Username for 'https://github.com': No su
[2026-07-29T13:53:42.972Z] 
--- 100k Task Suite Cycle #95 (Tasks Completed: 4,750 / 100,000) ---
[2026-07-29T13:53:42.973Z] Elapsed: 1.54 hours | Remaining: 718.46 hours
[2026-07-29T13:53:42.973Z] [Step 1/3] Processing Parallel Resilience Simulation Benchmark (100 tasks on 20 threads)...
[2026-07-29T13:53:45.731Z] Resilience Result: Semantic targeting success rate=100%, delta=0.8
[2026-07-29T13:53:45.731Z] [Step 2/3] Training PyTorch 3D Behavior Cloning Neural Net across 20 threads...
[2026-07-29T13:54:35.032Z] PyTorch Fit Result: loss=6.5109, valLoss=6.3541, accuracy=67.5%
[2026-07-29T13:54:35.033Z] [Step 3/3] Training Verified Public-Web Candidate Skills into SQLite Store...
[2026-07-29T13:54:41.923Z] Public Web Skill Candidate Succeeded: "Deterministic Computer Automation" (Saved to SQLite Skill Store)
[2026-07-29T13:54:41.923Z] Status file updated: /home/opc/computerintent/.lhic/continuous-training-status.json
[2026-07-29T13:54:41.923Z] [GitHub Sync] Committing 100k task suite iteration & pushing to origin/training-results...
[2026-07-29T13:54:42.214Z] [GitHub Sync Note] Push result: Command failed: git push origin training-results || git push -u origin training-results
fatal: could not read Username for 'https://github.com': No su
[2026-07-29T13:54:43.218Z] 
--- 100k Task Suite Cycle #96 (Tasks Completed: 4,800 / 100,000) ---
[2026-07-29T13:54:43.218Z] Elapsed: 1.56 hours | Remaining: 718.44 hours
[2026-07-29T13:54:43.219Z] [Step 1/3] Processing Parallel Resilience Simulation Benchmark (100 tasks on 20 threads)...
[2026-07-29T13:54:46.048Z] Resilience Result: Semantic targeting success rate=100%, delta=0.8
[2026-07-29T13:54:46.048Z] [Step 2/3] Training PyTorch 3D Behavior Cloning Neural Net across 20 threads...
[2026-07-29T13:55:37.107Z] PyTorch Fit Result: loss=6.6761, valLoss=6.6167, accuracy=36.0%
[2026-07-29T13:55:37.108Z] [Step 3/3] Training Verified Public-Web Candidate Skills into SQLite Store...
[2026-07-29T13:55:43.546Z] Public Web Skill Candidate Succeeded: "Verifier Evidence Framework" (Saved to SQLite Skill Store)
[2026-07-29T13:55:43.547Z] Status file updated: /home/opc/computerintent/.lhic/continuous-training-status.json
[2026-07-29T13:55:43.547Z] [GitHub Sync] Committing 100k task suite iteration & pushing to origin/training-results...
[2026-07-29T13:55:44.022Z] [GitHub Sync Note] Push result: Command failed: git push origin training-results || git push -u origin training-results
fatal: could not read Username for 'https://github.com': No su
[2026-07-29T13:55:45.027Z] 
--- 100k Task Suite Cycle #97 (Tasks Completed: 4,850 / 100,000) ---
[2026-07-29T13:55:45.027Z] Elapsed: 1.58 hours | Remaining: 718.42 hours
[2026-07-29T13:55:45.027Z] [Step 1/3] Processing Parallel Resilience Simulation Benchmark (100 tasks on 20 threads)...
[2026-07-29T13:55:47.708Z] Resilience Result: Semantic targeting success rate=100%, delta=0.8
[2026-07-29T13:55:47.708Z] [Step 2/3] Training PyTorch 3D Behavior Cloning Neural Net across 20 threads...
[2026-07-29T13:56:39.464Z] PyTorch Fit Result: loss=6.4486, valLoss=6.2626, accuracy=68.0%
[2026-07-29T13:56:39.464Z] [Step 3/3] Training Verified Public-Web Candidate Skills into SQLite Store...
[2026-07-29T13:56:45.738Z] Public Web Skill Candidate Succeeded: "Antigravity Agentic Coding" (Saved to SQLite Skill Store)
[2026-07-29T13:56:45.738Z] Status file updated: /home/opc/computerintent/.lhic/continuous-training-status.json
[2026-07-29T13:56:45.739Z] [GitHub Sync] Committing 100k task suite iteration & pushing to origin/training-results...
[2026-07-29T13:56:46.017Z] [GitHub Sync Note] Push result: Command failed: git push origin training-results || git push -u origin training-results
fatal: could not read Username for 'https://github.com': No su
[2026-07-29T13:56:47.021Z] 
--- 100k Task Suite Cycle #98 (Tasks Completed: 4,900 / 100,000) ---
[2026-07-29T13:56:47.022Z] Elapsed: 1.60 hours | Remaining: 718.40 hours
[2026-07-29T13:56:47.022Z] [Step 1/3] Processing Parallel Resilience Simulation Benchmark (100 tasks on 20 threads)...
[2026-07-29T13:56:49.496Z] Resilience Result: Semantic targeting success rate=100%, delta=0.8
[2026-07-29T13:56:49.496Z] [Step 2/3] Training PyTorch 3D Behavior Cloning Neural Net across 20 threads...
[2026-07-29T13:57:36.577Z] PyTorch Fit Result: loss=6.5131, valLoss=6.3480, accuracy=68.4%
[2026-07-29T13:57:36.578Z] [Step 3/3] Training Verified Public-Web Candidate Skills into SQLite Store...
[2026-07-29T13:57:42.778Z] Public Web Skill Candidate Succeeded: "Local Human Intent Controller" (Saved to SQLite Skill Store)
[2026-07-29T13:57:42.779Z] Status file updated: /home/opc/computerintent/.lhic/continuous-training-status.json
[2026-07-29T13:57:42.779Z] [GitHub Sync] Committing 100k task suite iteration & pushing to origin/training-results...
[2026-07-29T13:57:43.064Z] [GitHub Sync Note] Push result: Command failed: git push origin training-results || git push -u origin training-results
fatal: could not read Username for 'https://github.com': No su
[2026-07-29T13:57:44.068Z] 
--- 100k Task Suite Cycle #99 (Tasks Completed: 4,950 / 100,000) ---
[2026-07-29T13:57:44.068Z] Elapsed: 1.61 hours | Remaining: 718.39 hours
[2026-07-29T13:57:44.068Z] [Step 1/3] Processing Parallel Resilience Simulation Benchmark (100 tasks on 20 threads)...
[2026-07-29T13:57:46.778Z] Resilience Result: Semantic targeting success rate=100%, delta=0.8
[2026-07-29T13:57:46.779Z] [Step 2/3] Training PyTorch 3D Behavior Cloning Neural Net across 20 threads...
[2026-07-29T13:58:37.539Z] PyTorch Fit Result: loss=6.6509, valLoss=6.5200, accuracy=43.7%
[2026-07-29T13:58:37.540Z] [Step 3/3] Training Verified Public-Web Candidate Skills into SQLite Store...
[2026-07-29T13:58:44.070Z] Public Web Skill Candidate Succeeded: "Deterministic Computer Automation" (Saved to SQLite Skill Store)
[2026-07-29T13:58:44.071Z] Status file updated: /home/opc/computerintent/.lhic/continuous-training-status.json
[2026-07-29T13:58:44.071Z] [GitHub Sync] Committing 100k task suite iteration & pushing to origin/training-results...
[2026-07-29T13:58:44.367Z] [GitHub Sync Note] Push result: Command failed: git push origin training-results || git push -u origin training-results
fatal: could not read Username for 'https://github.com': No su
[2026-07-29T13:58:45.371Z] 
--- 100k Task Suite Cycle #100 (Tasks Completed: 5,000 / 100,000) ---
[2026-07-29T13:58:45.371Z] Elapsed: 1.63 hours | Remaining: 718.37 hours
[2026-07-29T13:58:45.371Z] [Step 1/3] Processing Parallel Resilience Simulation Benchmark (100 tasks on 20 threads)...
[2026-07-29T13:58:48.197Z] Resilience Result: Semantic targeting success rate=100%, delta=0.8
[2026-07-29T13:58:48.197Z] [Step 2/3] Training PyTorch 3D Behavior Cloning Neural Net across 20 threads...
[2026-07-29T13:59:34.822Z] PyTorch Fit Result: loss=6.7342, valLoss=6.6504, accuracy=67.2%
[2026-07-29T13:59:34.823Z] [Step 3/3] Training Verified Public-Web Candidate Skills into SQLite Store...
[2026-07-29T13:59:41.127Z] Public Web Skill Candidate Succeeded: "Verifier Evidence Framework" (Saved to SQLite Skill Store)
[2026-07-29T13:59:41.127Z] Status file updated: /home/opc/computerintent/.lhic/continuous-training-status.json
[2026-07-29T13:59:41.127Z] [GitHub Sync] Committing 100k task suite iteration & pushing to origin/training-results...
[2026-07-29T13:59:41.609Z] [GitHub Sync Note] Push result: Command failed: git push origin training-results || git push -u origin training-results
fatal: could not read Username for 'https://github.com': No su
[2026-07-29T13:59:42.613Z] 
--- 100k Task Suite Cycle #101 (Tasks Completed: 5,050 / 100,000) ---
[2026-07-29T13:59:42.614Z] Elapsed: 1.64 hours | Remaining: 718.36 hours
[2026-07-29T13:59:42.614Z] [Step 1/3] Processing Parallel Resilience Simulation Benchmark (100 tasks on 20 threads)...
[2026-07-29T13:59:45.261Z] Resilience Result: Semantic targeting success rate=100%, delta=0.8
[2026-07-29T13:59:45.261Z] [Step 2/3] Training PyTorch 3D Behavior Cloning Neural Net across 20 threads...
[2026-07-29T14:00:37.045Z] PyTorch Fit Result: loss=6.6217, valLoss=6.4917, accuracy=68.4%
[2026-07-29T14:00:37.046Z] [Step 3/3] Training Verified Public-Web Candidate Skills into SQLite Store...
[2026-07-29T14:00:43.204Z] Public Web Skill Candidate Succeeded: "Antigravity Agentic Coding" (Saved to SQLite Skill Store)
[2026-07-29T14:00:43.205Z] Status file updated: /home/opc/computerintent/.lhic/continuous-training-status.json
[2026-07-29T14:00:43.205Z] [GitHub Sync] Committing 100k task suite iteration & pushing to origin/training-results...
[2026-07-29T14:00:43.502Z] [GitHub Sync Note] Push result: Command failed: git push origin training-results || git push -u origin training-results
fatal: could not read Username for 'https://github.com': No su
[2026-07-29T14:00:44.506Z] 
--- 100k Task Suite Cycle #102 (Tasks Completed: 5,100 / 100,000) ---
[2026-07-29T14:00:44.506Z] Elapsed: 1.66 hours | Remaining: 718.34 hours
[2026-07-29T14:00:44.506Z] [Step 1/3] Processing Parallel Resilience Simulation Benchmark (100 tasks on 20 threads)...
[2026-07-29T14:00:47.189Z] Resilience Result: Semantic targeting success rate=100%, delta=0.8
[2026-07-29T14:00:47.190Z] [Step 2/3] Training PyTorch 3D Behavior Cloning Neural Net across 20 threads...
[2026-07-29T14:01:38.183Z] PyTorch Fit Result: loss=6.6824, valLoss=6.6054, accuracy=67.5%
[2026-07-29T14:01:38.184Z] [Step 3/3] Training Verified Public-Web Candidate Skills into SQLite Store...
[2026-07-29T14:01:44.734Z] Public Web Skill Candidate Succeeded: "Local Human Intent Controller" (Saved to SQLite Skill Store)
[2026-07-29T14:01:44.734Z] Status file updated: /home/opc/computerintent/.lhic/continuous-training-status.json
[2026-07-29T14:01:44.735Z] [GitHub Sync] Committing 100k task suite iteration & pushing to origin/training-results...
[2026-07-29T14:01:45.196Z] [GitHub Sync Note] Push result: Command failed: git push origin training-results || git push -u origin training-results
fatal: could not read Username for 'https://github.com': No su
[2026-07-29T14:01:46.201Z] 
--- 100k Task Suite Cycle #103 (Tasks Completed: 5,150 / 100,000) ---
[2026-07-29T14:01:46.201Z] Elapsed: 1.68 hours | Remaining: 718.32 hours
[2026-07-29T14:01:46.201Z] [Step 1/3] Processing Parallel Resilience Simulation Benchmark (100 tasks on 20 threads)...
[2026-07-29T14:01:48.801Z] Resilience Result: Semantic targeting success rate=100%, delta=0.8
[2026-07-29T14:01:48.801Z] [Step 2/3] Training PyTorch 3D Behavior Cloning Neural Net across 20 threads...
[2026-07-29T14:02:39.476Z] PyTorch Fit Result: loss=6.5859, valLoss=6.4309, accuracy=68.3%
[2026-07-29T14:02:39.477Z] [Step 3/3] Training Verified Public-Web Candidate Skills into SQLite Store...
[2026-07-29T14:02:45.748Z] Public Web Skill Candidate Succeeded: "Deterministic Computer Automation" (Saved to SQLite Skill Store)
[2026-07-29T14:02:45.749Z] Status file updated: /home/opc/computerintent/.lhic/continuous-training-status.json
[2026-07-29T14:02:45.749Z] [GitHub Sync] Committing 100k task suite iteration & pushing to origin/training-results...
[2026-07-29T14:02:46.031Z] [GitHub Sync Note] Push result: Command failed: git push origin training-results || git push -u origin training-results
fatal: could not read Username for 'https://github.com': No su
[2026-07-29T14:02:47.036Z] 
--- 100k Task Suite Cycle #104 (Tasks Completed: 5,200 / 100,000) ---
[2026-07-29T14:02:47.036Z] Elapsed: 1.70 hours | Remaining: 718.30 hours
[2026-07-29T14:02:47.036Z] [Step 1/3] Processing Parallel Resilience Simulation Benchmark (100 tasks on 20 threads)...
[2026-07-29T14:02:49.664Z] Resilience Result: Semantic targeting success rate=100%, delta=0.8
[2026-07-29T14:02:49.664Z] [Step 2/3] Training PyTorch 3D Behavior Cloning Neural Net across 20 threads...
[2026-07-29T14:03:37.000Z] PyTorch Fit Result: loss=6.6017, valLoss=6.4300, accuracy=67.6%
[2026-07-29T14:03:37.000Z] [Step 3/3] Training Verified Public-Web Candidate Skills into SQLite Store...
[2026-07-29T14:03:43.465Z] Public Web Skill Candidate Succeeded: "Verifier Evidence Framework" (Saved to SQLite Skill Store)
[2026-07-29T14:03:43.465Z] Status file updated: /home/opc/computerintent/.lhic/continuous-training-status.json
[2026-07-29T14:03:43.465Z] [GitHub Sync] Committing 100k task suite iteration & pushing to origin/training-results...
[2026-07-29T14:03:43.767Z] [GitHub Sync Note] Push result: Command failed: git push origin training-results || git push -u origin training-results
fatal: could not read Username for 'https://github.com': No su
[2026-07-29T14:03:44.772Z] 
--- 100k Task Suite Cycle #105 (Tasks Completed: 5,250 / 100,000) ---
[2026-07-29T14:03:44.772Z] Elapsed: 1.71 hours | Remaining: 718.29 hours
[2026-07-29T14:03:44.772Z] [Step 1/3] Processing Parallel Resilience Simulation Benchmark (100 tasks on 20 threads)...
[2026-07-29T14:03:47.635Z] Resilience Result: Semantic targeting success rate=100%, delta=0.8
[2026-07-29T14:03:47.635Z] [Step 2/3] Training PyTorch 3D Behavior Cloning Neural Net across 20 threads...
[2026-07-29T14:04:34.547Z] PyTorch Fit Result: loss=6.6927, valLoss=6.5730, accuracy=67.9%
[2026-07-29T14:04:34.548Z] [Step 3/3] Training Verified Public-Web Candidate Skills into SQLite Store...
[2026-07-29T14:04:40.833Z] Public Web Skill Candidate Succeeded: "Antigravity Agentic Coding" (Saved to SQLite Skill Store)
[2026-07-29T14:04:40.834Z] Status file updated: /home/opc/computerintent/.lhic/continuous-training-status.json
[2026-07-29T14:04:40.834Z] [GitHub Sync] Committing 100k task suite iteration & pushing to origin/training-results...
[2026-07-29T14:04:41.116Z] [GitHub Sync Note] Push result: Command failed: git push origin training-results || git push -u origin training-results
fatal: could not read Username for 'https://github.com': No su
[2026-07-29T14:04:42.120Z] 
--- 100k Task Suite Cycle #106 (Tasks Completed: 5,300 / 100,000) ---
[2026-07-29T14:04:42.121Z] Elapsed: 1.73 hours | Remaining: 718.27 hours
[2026-07-29T14:04:42.121Z] [Step 1/3] Processing Parallel Resilience Simulation Benchmark (100 tasks on 20 threads)...
[2026-07-29T14:04:44.769Z] Resilience Result: Semantic targeting success rate=100%, delta=0.8
[2026-07-29T14:04:44.769Z] [Step 2/3] Training PyTorch 3D Behavior Cloning Neural Net across 20 threads...
[2026-07-29T14:05:31.818Z] PyTorch Fit Result: loss=6.6057, valLoss=6.4750, accuracy=68.3%
[2026-07-29T14:05:31.820Z] [Step 3/3] Training Verified Public-Web Candidate Skills into SQLite Store...
[2026-07-29T14:05:38.342Z] Public Web Skill Candidate Succeeded: "Local Human Intent Controller" (Saved to SQLite Skill Store)
[2026-07-29T14:05:38.343Z] Status file updated: /home/opc/computerintent/.lhic/continuous-training-status.json
[2026-07-29T14:05:38.343Z] [GitHub Sync] Committing 100k task suite iteration & pushing to origin/training-results...
[2026-07-29T14:05:38.633Z] [GitHub Sync Note] Push result: Command failed: git push origin training-results || git push -u origin training-results
fatal: could not read Username for 'https://github.com': No su
[2026-07-29T14:05:39.638Z] 
--- 100k Task Suite Cycle #107 (Tasks Completed: 5,350 / 100,000) ---
[2026-07-29T14:05:39.638Z] Elapsed: 1.74 hours | Remaining: 718.26 hours
[2026-07-29T14:05:39.638Z] [Step 1/3] Processing Parallel Resilience Simulation Benchmark (100 tasks on 20 threads)...
[2026-07-29T14:05:42.330Z] Resilience Result: Semantic targeting success rate=100%, delta=0.8
[2026-07-29T14:05:42.330Z] [Step 2/3] Training PyTorch 3D Behavior Cloning Neural Net across 20 threads...
[2026-07-29T14:06:29.256Z] PyTorch Fit Result: loss=6.7287, valLoss=6.6570, accuracy=45.6%
[2026-07-29T14:06:29.257Z] [Step 3/3] Training Verified Public-Web Candidate Skills into SQLite Store...
[2026-07-29T14:06:35.416Z] Public Web Skill Candidate Succeeded: "Deterministic Computer Automation" (Saved to SQLite Skill Store)
[2026-07-29T14:06:35.417Z] Status file updated: /home/opc/computerintent/.lhic/continuous-training-status.json
[2026-07-29T14:06:35.417Z] [GitHub Sync] Committing 100k task suite iteration & pushing to origin/training-results...
[2026-07-29T14:06:35.709Z] [GitHub Sync Note] Push result: Command failed: git push origin training-results || git push -u origin training-results
fatal: could not read Username for 'https://github.com': No su
[2026-07-29T14:06:36.713Z] 
--- 100k Task Suite Cycle #108 (Tasks Completed: 5,400 / 100,000) ---
[2026-07-29T14:06:36.714Z] Elapsed: 1.76 hours | Remaining: 718.24 hours
[2026-07-29T14:06:36.714Z] [Step 1/3] Processing Parallel Resilience Simulation Benchmark (100 tasks on 20 threads)...
[2026-07-29T14:06:39.432Z] Resilience Result: Semantic targeting success rate=100%, delta=0.8
[2026-07-29T14:06:39.432Z] [Step 2/3] Training PyTorch 3D Behavior Cloning Neural Net across 20 threads...
[2026-07-29T14:07:29.697Z] PyTorch Fit Result: loss=6.6968, valLoss=6.5855, accuracy=68.0%
[2026-07-29T14:07:29.698Z] [Step 3/3] Training Verified Public-Web Candidate Skills into SQLite Store...
[2026-07-29T14:07:35.883Z] Public Web Skill Candidate Succeeded: "Verifier Evidence Framework" (Saved to SQLite Skill Store)
[2026-07-29T14:07:35.883Z] Status file updated: /home/opc/computerintent/.lhic/continuous-training-status.json
[2026-07-29T14:07:35.883Z] [GitHub Sync] Committing 100k task suite iteration & pushing to origin/training-results...
[2026-07-29T14:07:36.156Z] [GitHub Sync Note] Push result: Command failed: git push origin training-results || git push -u origin training-results
fatal: could not read Username for 'https://github.com': No su
[2026-07-29T14:07:37.160Z] 
--- 100k Task Suite Cycle #109 (Tasks Completed: 5,450 / 100,000) ---
[2026-07-29T14:07:37.161Z] Elapsed: 1.78 hours | Remaining: 718.22 hours
[2026-07-29T14:07:37.161Z] [Step 1/3] Processing Parallel Resilience Simulation Benchmark (100 tasks on 20 threads)...
[2026-07-29T14:07:39.838Z] Resilience Result: Semantic targeting success rate=100%, delta=0.8
[2026-07-29T14:07:39.838Z] [Step 2/3] Training PyTorch 3D Behavior Cloning Neural Net across 20 threads...
[2026-07-29T14:08:31.005Z] PyTorch Fit Result: loss=6.6393, valLoss=6.5470, accuracy=58.8%
[2026-07-29T14:08:31.006Z] [Step 3/3] Training Verified Public-Web Candidate Skills into SQLite Store...
[2026-07-29T14:08:37.073Z] Public Web Skill Candidate Succeeded: "Antigravity Agentic Coding" (Saved to SQLite Skill Store)
[2026-07-29T14:08:37.074Z] Status file updated: /home/opc/computerintent/.lhic/continuous-training-status.json
[2026-07-29T14:08:37.074Z] [GitHub Sync] Committing 100k task suite iteration & pushing to origin/training-results...
[2026-07-29T14:08:37.374Z] [GitHub Sync Note] Push result: Command failed: git push origin training-results || git push -u origin training-results
fatal: could not read Username for 'https://github.com': No su
[2026-07-29T14:08:38.379Z] 
--- 100k Task Suite Cycle #110 (Tasks Completed: 5,500 / 100,000) ---
[2026-07-29T14:08:38.379Z] Elapsed: 1.79 hours | Remaining: 718.21 hours
[2026-07-29T14:08:38.379Z] [Step 1/3] Processing Parallel Resilience Simulation Benchmark (100 tasks on 20 threads)...
[2026-07-29T14:08:41.142Z] Resilience Result: Semantic targeting success rate=100%, delta=0.8
[2026-07-29T14:08:41.142Z] [Step 2/3] Training PyTorch 3D Behavior Cloning Neural Net across 20 threads...
[2026-07-29T14:09:31.879Z] PyTorch Fit Result: loss=6.5316, valLoss=6.3363, accuracy=68.4%
[2026-07-29T14:09:31.880Z] [Step 3/3] Training Verified Public-Web Candidate Skills into SQLite Store...
[2026-07-29T14:09:38.341Z] Public Web Skill Candidate Succeeded: "Local Human Intent Controller" (Saved to SQLite Skill Store)
[2026-07-29T14:09:38.341Z] Status file updated: /home/opc/computerintent/.lhic/continuous-training-status.json
[2026-07-29T14:09:38.341Z] [GitHub Sync] Committing 100k task suite iteration & pushing to origin/training-results...
[2026-07-29T14:09:38.638Z] [GitHub Sync Note] Push result: Command failed: git push origin training-results || git push -u origin training-results
fatal: could not read Username for 'https://github.com': No su
[2026-07-29T14:09:39.642Z] 
--- 100k Task Suite Cycle #111 (Tasks Completed: 5,550 / 100,000) ---
[2026-07-29T14:09:39.642Z] Elapsed: 1.81 hours | Remaining: 718.19 hours
[2026-07-29T14:09:39.643Z] [Step 1/3] Processing Parallel Resilience Simulation Benchmark (100 tasks on 20 threads)...
[2026-07-29T14:09:42.184Z] Resilience Result: Semantic targeting success rate=100%, delta=0.8
[2026-07-29T14:09:42.184Z] [Step 2/3] Training PyTorch 3D Behavior Cloning Neural Net across 20 threads...
[2026-07-29T14:10:29.513Z] PyTorch Fit Result: loss=6.6160, valLoss=6.5383, accuracy=68.3%
[2026-07-29T14:10:29.513Z] [Step 3/3] Training Verified Public-Web Candidate Skills into SQLite Store...
[2026-07-29T14:10:36.022Z] Public Web Skill Candidate Succeeded: "Deterministic Computer Automation" (Saved to SQLite Skill Store)
[2026-07-29T14:10:36.023Z] Status file updated: /home/opc/computerintent/.lhic/continuous-training-status.json
[2026-07-29T14:10:36.023Z] [GitHub Sync] Committing 100k task suite iteration & pushing to origin/training-results...
[2026-07-29T14:10:36.324Z] [GitHub Sync Note] Push result: Command failed: git push origin training-results || git push -u origin training-results
fatal: could not read Username for 'https://github.com': No su
[2026-07-29T14:10:37.328Z] 
--- 100k Task Suite Cycle #112 (Tasks Completed: 5,600 / 100,000) ---
[2026-07-29T14:10:37.328Z] Elapsed: 1.83 hours | Remaining: 718.17 hours
[2026-07-29T14:10:37.328Z] [Step 1/3] Processing Parallel Resilience Simulation Benchmark (100 tasks on 20 threads)...
[2026-07-29T14:10:39.868Z] Resilience Result: Semantic targeting success rate=100%, delta=0.8
[2026-07-29T14:10:39.869Z] [Step 2/3] Training PyTorch 3D Behavior Cloning Neural Net across 20 threads...
[2026-07-29T14:11:28.903Z] PyTorch Fit Result: loss=6.6192, valLoss=6.5095, accuracy=67.9%
[2026-07-29T14:11:28.904Z] [Step 3/3] Training Verified Public-Web Candidate Skills into SQLite Store...
[2026-07-29T14:11:35.067Z] Public Web Skill Candidate Succeeded: "Verifier Evidence Framework" (Saved to SQLite Skill Store)
[2026-07-29T14:11:35.068Z] Status file updated: /home/opc/computerintent/.lhic/continuous-training-status.json
[2026-07-29T14:11:35.068Z] [GitHub Sync] Committing 100k task suite iteration & pushing to origin/training-results...
[2026-07-29T14:11:35.355Z] [GitHub Sync Note] Push result: Command failed: git push origin training-results || git push -u origin training-results
fatal: could not read Username for 'https://github.com': No su
[2026-07-29T14:11:36.359Z] 
--- 100k Task Suite Cycle #113 (Tasks Completed: 5,650 / 100,000) ---
[2026-07-29T14:11:36.359Z] Elapsed: 1.84 hours | Remaining: 718.16 hours
[2026-07-29T14:11:36.359Z] [Step 1/3] Processing Parallel Resilience Simulation Benchmark (100 tasks on 20 threads)...
[2026-07-29T14:11:39.074Z] Resilience Result: Semantic targeting success rate=100%, delta=0.8
[2026-07-29T14:11:39.074Z] [Step 2/3] Training PyTorch 3D Behavior Cloning Neural Net across 20 threads...
[2026-07-29T14:12:30.352Z] PyTorch Fit Result: loss=6.5533, valLoss=6.4241, accuracy=68.0%
[2026-07-29T14:12:30.353Z] [Step 3/3] Training Verified Public-Web Candidate Skills into SQLite Store...
[2026-07-29T14:12:36.726Z] Public Web Skill Candidate Succeeded: "Antigravity Agentic Coding" (Saved to SQLite Skill Store)
[2026-07-29T14:12:36.727Z] Status file updated: /home/opc/computerintent/.lhic/continuous-training-status.json
[2026-07-29T14:12:36.727Z] [GitHub Sync] Committing 100k task suite iteration & pushing to origin/training-results...
[2026-07-29T14:12:37.011Z] [GitHub Sync Note] Push result: Command failed: git push origin training-results || git push -u origin training-results
fatal: could not read Username for 'https://github.com': No su
[2026-07-29T14:12:38.016Z] 
--- 100k Task Suite Cycle #114 (Tasks Completed: 5,700 / 100,000) ---
[2026-07-29T14:12:38.016Z] Elapsed: 1.86 hours | Remaining: 718.14 hours
[2026-07-29T14:12:38.016Z] [Step 1/3] Processing Parallel Resilience Simulation Benchmark (100 tasks on 20 threads)...
[2026-07-29T14:12:40.673Z] Resilience Result: Semantic targeting success rate=100%, delta=0.8
[2026-07-29T14:12:40.673Z] [Step 2/3] Training PyTorch 3D Behavior Cloning Neural Net across 20 threads...
[2026-07-29T14:13:31.841Z] PyTorch Fit Result: loss=6.6214, valLoss=6.4828, accuracy=58.2%
[2026-07-29T14:13:31.841Z] [Step 3/3] Training Verified Public-Web Candidate Skills into SQLite Store...
[2026-07-29T14:13:38.090Z] Public Web Skill Candidate Succeeded: "Local Human Intent Controller" (Saved to SQLite Skill Store)
[2026-07-29T14:13:38.091Z] Status file updated: /home/opc/computerintent/.lhic/continuous-training-status.json
[2026-07-29T14:13:38.091Z] [GitHub Sync] Committing 100k task suite iteration & pushing to origin/training-results...
[2026-07-29T14:13:38.371Z] [GitHub Sync Note] Push result: Command failed: git push origin training-results || git push -u origin training-results
fatal: could not read Username for 'https://github.com': No su
[2026-07-29T14:13:39.376Z] 
--- 100k Task Suite Cycle #115 (Tasks Completed: 5,750 / 100,000) ---
[2026-07-29T14:13:39.376Z] Elapsed: 1.88 hours | Remaining: 718.12 hours
[2026-07-29T14:13:39.376Z] [Step 1/3] Processing Parallel Resilience Simulation Benchmark (100 tasks on 20 threads)...
[2026-07-29T14:13:42.213Z] Resilience Result: Semantic targeting success rate=100%, delta=0.8
[2026-07-29T14:13:42.213Z] [Step 2/3] Training PyTorch 3D Behavior Cloning Neural Net across 20 threads...
[2026-07-29T14:14:20.879Z] ==================================================
[2026-07-29T14:14:20.881Z] LHIC Practical Training Daemon (Structured Artifacts Mode)
[2026-07-29T14:14:20.881Z] System Cores: 20 vCPUs | Parallel Workers: 16
[2026-07-29T14:14:20.899Z] Target Suite Size: 100,000 Tasks
[2026-07-29T14:14:20.899Z] GitHub Push Interval: Every 10 iterations
[2026-07-29T14:14:20.899Z] Started at: 2026-07-29T14:14:20.878Z
[2026-07-29T14:14:20.899Z] Target End Time: 2026-08-28T14:14:20.878Z
[2026-07-29T14:14:20.899Z] ==================================================
[2026-07-29T14:14:20.899Z] 
--- Cycle #1 (Tasks: 50/100,000) ---
[2026-07-29T14:14:20.900Z] Elapsed: 0.00h | Remaining: 720.00h
[2026-07-29T14:14:20.900Z] [Step 1/3] Resilience Simulation (100 tasks, 20 threads)...
[2026-07-29T14:14:23.674Z] Resilience: semantic=100.0%, delta=+80%
[2026-07-29T14:14:23.675Z] [Step 2/3] PyTorch 2D Training (space-invaders-2d)...
[2026-07-29T14:14:27.712Z] Game record failed: Unknown game target space-invaders-2d. Available targets: star-trooper, challenge-2026, nemesis, epic-shooter-3d.

[2026-07-29T14:14:27.713Z] [Step 3/3] Web Skill Training: wikipedia-search (search) "Antigravity Agentic Coding"...
[2026-07-29T14:14:33.905Z] Web Skill OK: wikipedia-search (search)
[2026-07-29T14:14:34.913Z] 
--- Cycle #2 (Tasks: 100/100,000) ---
[2026-07-29T14:14:34.913Z] Elapsed: 0.00h | Remaining: 720.00h
[2026-07-29T14:14:34.913Z] [Step 1/3] Resilience Simulation (100 tasks, 20 threads)...
[2026-07-29T14:14:37.660Z] Resilience: semantic=100.0%, delta=+80%
[2026-07-29T14:14:37.661Z] [Step 2/3] PyTorch 3D Training (epic-shooter-3d)...
[2026-07-29T14:15:29.657Z] PyTorch Fit: loss=6.6298, valLoss=6.5058, accuracy=67.2%
[2026-07-29T14:15:29.658Z] [Step 3/3] Web Skill Training: wikipedia-search (search) "Local Human Intent Controller"...
[2026-07-29T14:15:36.424Z] Web Skill OK: wikipedia-search (search)
[2026-07-29T14:15:37.430Z] 
--- Cycle #3 (Tasks: 150/100,000) ---
[2026-07-29T14:15:37.430Z] Elapsed: 0.02h | Remaining: 719.98h
[2026-07-29T14:15:37.430Z] [Step 1/3] Resilience Simulation (100 tasks, 20 threads)...
[2026-07-29T14:15:40.023Z] Resilience: semantic=100.0%, delta=+80%
[2026-07-29T14:15:40.024Z] [Step 2/3] PyTorch 2D Training (space-invaders-2d)...
[2026-07-29T14:15:44.030Z] Game record failed: Unknown game target space-invaders-2d. Available targets: star-trooper, challenge-2026, nemesis, epic-shooter-3d.

[2026-07-29T14:15:44.030Z] [Step 3/3] Web Skill Training: wikipedia-search (search) "Deterministic Computer Automation"...
[2026-07-29T14:15:50.623Z] Web Skill OK: wikipedia-search (search)
[2026-07-29T14:15:51.631Z] 
--- Cycle #4 (Tasks: 200/100,000) ---
[2026-07-29T14:15:51.631Z] Elapsed: 0.03h | Remaining: 719.97h
[2026-07-29T14:15:51.631Z] [Step 1/3] Resilience Simulation (100 tasks, 20 threads)...
[2026-07-29T14:15:54.423Z] Resilience: semantic=100.0%, delta=+80%
[2026-07-29T14:15:54.424Z] [Step 2/3] PyTorch 3D Training (epic-shooter-3d)...
[2026-07-29T14:16:41.446Z] PyTorch Fit: loss=6.6398, valLoss=6.5157, accuracy=67.3%
[2026-07-29T14:16:41.446Z] [Step 3/3] Web Skill Training: wikipedia-search (search) "Verifier Evidence Framework"...
[2026-07-29T14:16:47.756Z] Web Skill OK: wikipedia-search (search)
[2026-07-29T14:16:48.762Z] 
--- Cycle #5 (Tasks: 250/100,000) ---
[2026-07-29T14:16:48.762Z] Elapsed: 0.04h | Remaining: 719.96h
[2026-07-29T14:16:48.762Z] [Step 1/3] Resilience Simulation (100 tasks, 20 threads)...
[2026-07-29T14:16:51.507Z] Resilience: semantic=100.0%, delta=+80%
[2026-07-29T14:16:51.508Z] [Step 2/3] PyTorch 2D Training (space-invaders-2d)...
[2026-07-29T14:16:55.552Z] Game record failed: Unknown game target space-invaders-2d. Available targets: star-trooper, challenge-2026, nemesis, epic-shooter-3d.

[2026-07-29T14:16:55.553Z] [Step 3/3] Web Skill Training: wikipedia-search (search) "Neural Network Behavior Cloning"...
[2026-07-29T14:17:01.966Z] Web Skill OK: wikipedia-search (search)
[2026-07-29T14:17:02.972Z] 
--- Cycle #6 (Tasks: 300/100,000) ---
[2026-07-29T14:17:02.972Z] Elapsed: 0.05h | Remaining: 719.95h
[2026-07-29T14:17:02.972Z] [Step 1/3] Resilience Simulation (100 tasks, 20 threads)...
[2026-07-29T14:17:05.588Z] Resilience: semantic=100.0%, delta=+80%
[2026-07-29T14:17:05.588Z] [Step 2/3] PyTorch 3D Training (epic-shooter-3d)...
[2026-07-29T14:17:57.440Z] PyTorch Fit: loss=6.6517, valLoss=6.5536, accuracy=42.6%
[2026-07-29T14:17:57.441Z] [Step 3/3] Web Skill Training: wikipedia-search (search) "Browser Automation Testing"...
[2026-07-29T14:18:03.953Z] Web Skill OK: wikipedia-search (search)
[2026-07-29T14:18:04.961Z] 
--- Cycle #7 (Tasks: 350/100,000) ---
[2026-07-29T14:18:04.961Z] Elapsed: 0.06h | Remaining: 719.94h
[2026-07-29T14:18:04.961Z] [Step 1/3] Resilience Simulation (100 tasks, 20 threads)...
[2026-07-29T14:18:07.703Z] Resilience: semantic=100.0%, delta=+80%
[2026-07-29T14:18:07.704Z] [Step 2/3] PyTorch 2D Training (space-invaders-2d)...
[2026-07-29T14:18:11.779Z] Game record failed: Unknown game target space-invaders-2d. Available targets: star-trooper, challenge-2026, nemesis, epic-shooter-3d.

[2026-07-29T14:18:11.779Z] [Step 3/3] Web Skill Training: mdn-search (docs) "MutationObserver"...
[2026-07-29T14:18:17.875Z] Web Skill OK: mdn-search (docs)
[2026-07-29T14:18:18.882Z] 
--- Cycle #8 (Tasks: 400/100,000) ---
[2026-07-29T14:18:18.882Z] Elapsed: 0.07h | Remaining: 719.93h
[2026-07-29T14:18:18.882Z] [Step 1/3] Resilience Simulation (100 tasks, 20 threads)...
[2026-07-29T14:18:21.638Z] Resilience: semantic=100.0%, delta=+80%
[2026-07-29T14:18:21.638Z] [Step 2/3] PyTorch 3D Training (epic-shooter-3d)...
[2026-07-29T14:19:09.001Z] PyTorch Fit: loss=6.5574, valLoss=6.3953, accuracy=67.6%
[2026-07-29T14:19:09.002Z] [Step 3/3] Web Skill Training: mdn-search (docs) "IntersectionObserver"...
[2026-07-29T14:19:15.061Z] Web Skill OK: mdn-search (docs)
[2026-07-29T14:19:16.068Z] 
--- Cycle #9 (Tasks: 450/100,000) ---
[2026-07-29T14:19:16.068Z] Elapsed: 0.08h | Remaining: 719.92h
[2026-07-29T14:19:16.068Z] [Step 1/3] Resilience Simulation (100 tasks, 20 threads)...
[2026-07-29T14:19:18.665Z] Resilience: semantic=100.0%, delta=+80%
[2026-07-29T14:19:18.666Z] [Step 2/3] PyTorch 2D Training (space-invaders-2d)...
[2026-07-29T14:19:22.702Z] Game record failed: Unknown game target space-invaders-2d. Available targets: star-trooper, challenge-2026, nemesis, epic-shooter-3d.

[2026-07-29T14:19:22.702Z] [Step 3/3] Web Skill Training: mdn-search (docs) "requestAnimationFrame"...
[2026-07-29T14:19:28.831Z] Web Skill OK: mdn-search (docs)
[2026-07-29T14:19:29.838Z] 
--- Cycle #10 (Tasks: 500/100,000) ---
[2026-07-29T14:19:29.838Z] Elapsed: 0.09h | Remaining: 719.91h
[2026-07-29T14:19:29.838Z] [Step 1/3] Resilience Simulation (100 tasks, 20 threads)...
[2026-07-29T14:19:32.507Z] Resilience: semantic=100.0%, delta=+80%
[2026-07-29T14:19:32.508Z] [Step 2/3] PyTorch 3D Training (epic-shooter-3d)...
[2026-07-29T14:20:20.875Z] PyTorch Fit: loss=6.5366, valLoss=6.4064, accuracy=57.7%
[2026-07-29T14:20:20.876Z] [Step 3/3] Web Skill Training: mdn-search (docs) "PerformanceObserver"...
[2026-07-29T14:20:29.117Z] Web Skill OK: mdn-search (docs)
[2026-07-29T14:20:29.120Z] [GitHub Sync] Pushing structured artifacts (iteration #10)...
[2026-07-29T14:20:29.409Z] [GitHub Sync] Push note: Command failed: git push origin training-results || git push -u origin training-results
fatal: could not read Username for 'https://github.com': No su
[2026-07-29T14:20:30.413Z] 
--- Cycle #11 (Tasks: 550/100,000) ---
[2026-07-29T14:20:30.413Z] Elapsed: 0.10h | Remaining: 719.90h
[2026-07-29T14:20:30.413Z] [Step 1/3] Resilience Simulation (100 tasks, 20 threads)...
[2026-07-29T14:20:32.950Z] Resilience: semantic=100.0%, delta=+80%
[2026-07-29T14:20:32.950Z] [Step 2/3] PyTorch 2D Training (space-invaders-2d)...
[2026-07-29T14:20:36.949Z] Game record failed: Unknown game target space-invaders-2d. Available targets: star-trooper, challenge-2026, nemesis, epic-shooter-3d.

[2026-07-29T14:20:36.949Z] [Step 3/3] Web Skill Training: github-issues (project) "is:open label:bug"...
[2026-07-29T14:20:40.456Z] Web Skill note: Unknown public-web training scenario "github-issues". Choose one of: wikipedia-search, mdn-search, github-issue-filter, openstreetmap-place-search.

[2026-07-29T14:20:41.463Z] 
--- Cycle #12 (Tasks: 600/100,000) ---
[2026-07-29T14:20:41.463Z] Elapsed: 0.11h | Remaining: 719.89h
[2026-07-29T14:20:41.464Z] [Step 1/3] Resilience Simulation (100 tasks, 20 threads)...
[2026-07-29T14:20:44.241Z] Resilience: semantic=100.0%, delta=+80%
[2026-07-29T14:20:44.241Z] [Step 2/3] PyTorch 3D Training (epic-shooter-3d)...
[2026-07-29T14:21:36.035Z] PyTorch Fit: loss=6.7122, valLoss=6.6163, accuracy=58.8%
[2026-07-29T14:21:36.036Z] [Step 3/3] Web Skill Training: github-issues (project) "is:open label:enhancement"...
[2026-07-29T14:21:39.535Z] Web Skill note: Unknown public-web training scenario "github-issues". Choose one of: wikipedia-search, mdn-search, github-issue-filter, openstreetmap-place-search.

[2026-07-29T14:21:40.540Z] 
--- Cycle #13 (Tasks: 650/100,000) ---
[2026-07-29T14:21:40.541Z] Elapsed: 0.12h | Remaining: 719.88h
[2026-07-29T14:21:40.541Z] [Step 1/3] Resilience Simulation (100 tasks, 20 threads)...
[2026-07-29T14:21:43.179Z] Resilience: semantic=100.0%, delta=+80%
[2026-07-29T14:21:43.180Z] [Step 2/3] PyTorch 2D Training (space-invaders-2d)...
[2026-07-29T14:21:47.186Z] Game record failed: Unknown game target space-invaders-2d. Available targets: star-trooper, challenge-2026, nemesis, epic-shooter-3d.

[2026-07-29T14:21:47.186Z] [Step 3/3] Web Skill Training: openstreetmap (geo) "search for Taipei 101"...
[2026-07-29T14:21:50.699Z] Web Skill note: Unknown public-web training scenario "openstreetmap". Choose one of: wikipedia-search, mdn-search, github-issue-filter, openstreetmap-place-search.

[2026-07-29T14:21:51.704Z] 
--- Cycle #14 (Tasks: 700/100,000) ---
[2026-07-29T14:21:51.704Z] Elapsed: 0.13h | Remaining: 719.87h
[2026-07-29T14:21:51.705Z] [Step 1/3] Resilience Simulation (100 tasks, 20 threads)...
[2026-07-29T14:21:54.390Z] Resilience: semantic=100.0%, delta=+80%
[2026-07-29T14:21:54.391Z] [Step 2/3] PyTorch 3D Training (epic-shooter-3d)...
[2026-07-29T14:22:45.697Z] PyTorch Fit: loss=6.6497, valLoss=6.5267, accuracy=58.8%
[2026-07-29T14:22:45.698Z] [Step 3/3] Web Skill Training: openstreetmap (geo) "search for Central Park"...
[2026-07-29T14:22:49.221Z] Web Skill note: Unknown public-web training scenario "openstreetmap". Choose one of: wikipedia-search, mdn-search, github-issue-filter, openstreetmap-place-search.

[2026-07-29T14:22:50.227Z] 
--- Cycle #15 (Tasks: 750/100,000) ---
[2026-07-29T14:22:50.227Z] Elapsed: 0.14h | Remaining: 719.86h
[2026-07-29T14:22:50.227Z] [Step 1/3] Resilience Simulation (100 tasks, 20 threads)...
[2026-07-29T14:22:53.098Z] Resilience: semantic=100.0%, delta=+80%
[2026-07-29T14:22:53.099Z] [Step 2/3] PyTorch 2D Training (space-invaders-2d)...
[2026-07-29T14:22:57.137Z] Game record failed: Unknown game target space-invaders-2d. Available targets: star-trooper, challenge-2026, nemesis, epic-shooter-3d.

[2026-07-29T14:22:57.138Z] [Step 3/3] Web Skill Training: product-search (commerce) "mechanical keyboard"...
[2026-07-29T14:23:03.516Z] Web Skill OK: product-search (commerce)
[2026-07-29T14:23:04.523Z] 
--- Cycle #16 (Tasks: 800/100,000) ---
[2026-07-29T14:23:04.523Z] Elapsed: 0.15h | Remaining: 719.85h
[2026-07-29T14:23:04.523Z] [Step 1/3] Resilience Simulation (100 tasks, 20 threads)...
[2026-07-29T14:23:07.119Z] Resilience: semantic=100.0%, delta=+80%
[2026-07-29T14:23:07.120Z] [Step 2/3] PyTorch 3D Training (epic-shooter-3d)...
[2026-07-29T14:23:58.709Z] PyTorch Fit: loss=6.7771, valLoss=6.6579, accuracy=42.3%
[2026-07-29T14:23:58.710Z] [Step 3/3] Web Skill Training: product-search (commerce) "wireless mouse"...
[2026-07-29T14:24:05.219Z] Web Skill OK: product-search (commerce)
[2026-07-29T14:24:06.225Z] 
--- Cycle #17 (Tasks: 850/100,000) ---
[2026-07-29T14:24:06.225Z] Elapsed: 0.16h | Remaining: 719.84h
[2026-07-29T14:24:06.225Z] [Step 1/3] Resilience Simulation (100 tasks, 20 threads)...
[2026-07-29T14:24:08.797Z] Resilience: semantic=100.0%, delta=+80%
[2026-07-29T14:24:08.798Z] [Step 2/3] PyTorch 2D Training (space-invaders-2d)...
[2026-07-29T14:24:12.788Z] Game record failed: Unknown game target space-invaders-2d. Available targets: star-trooper, challenge-2026, nemesis, epic-shooter-3d.

[2026-07-29T14:24:12.788Z] [Step 3/3] Web Skill Training: form-fill (interaction) "form-fill"...
[2026-07-29T14:24:19.039Z] Web Skill OK: form-fill (interaction)
[2026-07-29T14:24:20.046Z] 
--- Cycle #18 (Tasks: 900/100,000) ---
[2026-07-29T14:24:20.046Z] Elapsed: 0.17h | Remaining: 719.83h
[2026-07-29T14:24:20.046Z] [Step 1/3] Resilience Simulation (100 tasks, 20 threads)...
[2026-07-29T14:24:22.612Z] Resilience: semantic=100.0%, delta=+80%
[2026-07-29T14:24:22.613Z] [Step 2/3] PyTorch 3D Training (epic-shooter-3d)...
[2026-07-29T14:25:09.827Z] PyTorch Fit: loss=6.6345, valLoss=6.5660, accuracy=67.5%
[2026-07-29T14:25:09.828Z] [Step 3/3] Web Skill Training: multi-step-form (interaction) "multi-step-form"...
[2026-07-29T14:25:16.134Z] Web Skill OK: multi-step-form (interaction)
[2026-07-29T14:25:17.142Z] 
--- Cycle #19 (Tasks: 950/100,000) ---
[2026-07-29T14:25:17.143Z] Elapsed: 0.18h | Remaining: 719.82h
[2026-07-29T14:25:17.143Z] [Step 1/3] Resilience Simulation (100 tasks, 20 threads)...
[2026-07-29T14:25:19.928Z] Resilience: semantic=100.0%, delta=+80%
[2026-07-29T14:25:19.929Z] [Step 2/3] PyTorch 2D Training (space-invaders-2d)...
[2026-07-29T14:25:23.996Z] Game record failed: Unknown game target space-invaders-2d. Available targets: star-trooper, challenge-2026, nemesis, epic-shooter-3d.

[2026-07-29T14:25:23.997Z] [Step 3/3] Web Skill Training: multi-page-nav (navigation) "multi-page-nav"...
[2026-07-29T14:25:30.382Z] Web Skill OK: multi-page-nav (navigation)
[2026-07-29T14:25:31.389Z] 
--- Cycle #20 (Tasks: 1,000/100,000) ---
[2026-07-29T14:25:31.389Z] Elapsed: 0.19h | Remaining: 719.81h
[2026-07-29T14:25:31.389Z] [Step 1/3] Resilience Simulation (100 tasks, 20 threads)...
[2026-07-29T14:25:34.296Z] Resilience: semantic=100.0%, delta=+80%
[2026-07-29T14:25:34.297Z] [Step 2/3] PyTorch 3D Training (epic-shooter-3d)...
[2026-07-29T14:26:25.720Z] PyTorch Fit: loss=6.5527, valLoss=6.4094, accuracy=67.6%
[2026-07-29T14:26:25.721Z] [Step 3/3] Web Skill Training: tab-management (navigation) "tab-management"...
[2026-07-29T14:26:32.174Z] Web Skill OK: tab-management (navigation)
[2026-07-29T14:26:32.176Z] [GitHub Sync] Pushing structured artifacts (iteration #20)...
[2026-07-29T14:26:32.469Z] [GitHub Sync] Push note: Command failed: git push origin training-results || git push -u origin training-results
fatal: could not read Username for 'https://github.com': No su
[2026-07-29T14:26:33.474Z] 
--- Cycle #21 (Tasks: 1,050/100,000) ---
[2026-07-29T14:26:33.474Z] Elapsed: 0.20h | Remaining: 719.80h
[2026-07-29T14:26:33.474Z] [Step 1/3] Resilience Simulation (100 tasks, 20 threads)...
[2026-07-29T14:26:36.094Z] Resilience: semantic=100.0%, delta=+80%
[2026-07-29T14:26:36.095Z] [Step 2/3] PyTorch 2D Training (space-invaders-2d)...
[2026-07-29T14:26:40.120Z] Game record failed: Unknown game target space-invaders-2d. Available targets: star-trooper, challenge-2026, nemesis, epic-shooter-3d.

[2026-07-29T14:26:40.121Z] [Step 3/3] Web Skill Training: infinite-scroll (dynamic) "infinite-scroll"...
[2026-07-29T14:26:46.427Z] Web Skill OK: infinite-scroll (dynamic)
[2026-07-29T14:26:47.433Z] 
--- Cycle #22 (Tasks: 1,100/100,000) ---
[2026-07-29T14:26:47.433Z] Elapsed: 0.21h | Remaining: 719.79h
[2026-07-29T14:26:47.433Z] [Step 1/3] Resilience Simulation (100 tasks, 20 threads)...
[2026-07-29T14:26:50.125Z] Resilience: semantic=100.0%, delta=+80%
[2026-07-29T14:26:50.126Z] [Step 2/3] PyTorch 3D Training (epic-shooter-3d)...
[2026-07-29T14:27:42.060Z] PyTorch Fit: loss=6.5750, valLoss=6.4494, accuracy=66.9%
[2026-07-29T14:27:42.061Z] [Step 3/3] Web Skill Training: lazy-load-detect (dynamic) "lazy-load-detect"...
[2026-07-29T14:27:48.311Z] Web Skill OK: lazy-load-detect (dynamic)
[2026-07-29T14:27:49.317Z] 
--- Cycle #23 (Tasks: 1,150/100,000) ---
[2026-07-29T14:27:49.317Z] Elapsed: 0.22h | Remaining: 719.78h
[2026-07-29T14:27:49.317Z] [Step 1/3] Resilience Simulation (100 tasks, 20 threads)...
[2026-07-29T14:27:51.991Z] Resilience: semantic=100.0%, delta=+80%
[2026-07-29T14:27:51.992Z] [Step 2/3] PyTorch 2D Training (space-invaders-2d)...
[2026-07-29T14:27:56.049Z] Game record failed: Unknown game target space-invaders-2d. Available targets: star-trooper, challenge-2026, nemesis, epic-shooter-3d.

[2026-07-29T14:27:56.049Z] [Step 3/3] Web Skill Training: wikipedia-search (search) "Antigravity Agentic Coding"...
[2026-07-29T14:28:02.416Z] Web Skill OK: wikipedia-search (search)
[2026-07-29T14:28:03.423Z] 
--- Cycle #24 (Tasks: 1,200/100,000) ---
[2026-07-29T14:28:03.424Z] Elapsed: 0.23h | Remaining: 719.77h
[2026-07-29T14:28:03.424Z] [Step 1/3] Resilience Simulation (100 tasks, 20 threads)...
[2026-07-29T14:28:06.180Z] Resilience: semantic=100.0%, delta=+80%
[2026-07-29T14:28:06.181Z] [Step 2/3] PyTorch 3D Training (epic-shooter-3d)...
[2026-07-29T14:28:56.207Z] PyTorch Fit: loss=6.5016, valLoss=6.3510, accuracy=67.2%
[2026-07-29T14:28:56.208Z] [Step 3/3] Web Skill Training: wikipedia-search (search) "Local Human Intent Controller"...
[2026-07-29T14:29:02.548Z] Web Skill OK: wikipedia-search (search)
[2026-07-29T14:29:03.555Z] 
--- Cycle #25 (Tasks: 1,250/100,000) ---
[2026-07-29T14:29:03.555Z] Elapsed: 0.25h | Remaining: 719.75h
[2026-07-29T14:29:03.555Z] [Step 1/3] Resilience Simulation (100 tasks, 20 threads)...
[2026-07-29T14:29:06.138Z] Resilience: semantic=100.0%, delta=+80%
[2026-07-29T14:29:06.139Z] [Step 2/3] PyTorch 2D Training (space-invaders-2d)...
[2026-07-29T14:29:10.179Z] Game record failed: Unknown game target space-invaders-2d. Available targets: star-trooper, challenge-2026, nemesis, epic-shooter-3d.

[2026-07-29T14:29:10.180Z] [Step 3/3] Web Skill Training: wikipedia-search (search) "Deterministic Computer Automation"...
[2026-07-29T14:29:17.167Z] Web Skill OK: wikipedia-search (search)
[2026-07-29T14:29:18.174Z] 
--- Cycle #26 (Tasks: 1,300/100,000) ---
[2026-07-29T14:29:18.174Z] Elapsed: 0.25h | Remaining: 719.75h
[2026-07-29T14:29:18.174Z] [Step 1/3] Resilience Simulation (100 tasks, 20 threads)...
[2026-07-29T14:29:20.807Z] Resilience: semantic=100.0%, delta=+80%
[2026-07-29T14:29:20.808Z] [Step 2/3] PyTorch 3D Training (epic-shooter-3d)...
[2026-07-29T14:30:08.371Z] PyTorch Fit: loss=6.6483, valLoss=6.5747, accuracy=67.3%
[2026-07-29T14:30:08.372Z] [Step 3/3] Web Skill Training: wikipedia-search (search) "Verifier Evidence Framework"...
[2026-07-29T14:30:15.035Z] Web Skill OK: wikipedia-search (search)
[2026-07-29T14:30:16.042Z] 
--- Cycle #27 (Tasks: 1,350/100,000) ---
[2026-07-29T14:30:16.042Z] Elapsed: 0.27h | Remaining: 719.73h
[2026-07-29T14:30:16.042Z] [Step 1/3] Resilience Simulation (100 tasks, 20 threads)...
[2026-07-29T14:30:18.619Z] Resilience: semantic=100.0%, delta=+80%
[2026-07-29T14:30:18.620Z] [Step 2/3] PyTorch 2D Training (space-invaders-2d)...
[2026-07-29T14:30:22.651Z] Game record failed: Unknown game target space-invaders-2d. Available targets: star-trooper, challenge-2026, nemesis, epic-shooter-3d.

[2026-07-29T14:30:22.651Z] [Step 3/3] Web Skill Training: wikipedia-search (search) "Neural Network Behavior Cloning"...
[2026-07-29T14:30:29.025Z] Web Skill OK: wikipedia-search (search)
[2026-07-29T14:30:30.032Z] 
--- Cycle #28 (Tasks: 1,400/100,000) ---
[2026-07-29T14:30:30.033Z] Elapsed: 0.27h | Remaining: 719.73h
[2026-07-29T14:30:30.033Z] [Step 1/3] Resilience Simulation (100 tasks, 20 threads)...
[2026-07-29T14:30:32.581Z] Resilience: semantic=100.0%, delta=+80%
[2026-07-29T14:30:32.581Z] [Step 2/3] PyTorch 3D Training (epic-shooter-3d)...
[2026-07-29T14:31:23.934Z] PyTorch Fit: loss=6.5380, valLoss=6.4086, accuracy=68.4%
[2026-07-29T14:31:23.935Z] [Step 3/3] Web Skill Training: wikipedia-search (search) "Browser Automation Testing"...
[2026-07-29T14:31:30.198Z] Web Skill OK: wikipedia-search (search)
[2026-07-29T14:31:31.205Z] 
--- Cycle #29 (Tasks: 1,450/100,000) ---
[2026-07-29T14:31:31.205Z] Elapsed: 0.29h | Remaining: 719.71h
[2026-07-29T14:31:31.205Z] [Step 1/3] Resilience Simulation (100 tasks, 20 threads)...
[2026-07-29T14:31:33.793Z] Resilience: semantic=100.0%, delta=+80%
[2026-07-29T14:31:33.794Z] [Step 2/3] PyTorch 2D Training (space-invaders-2d)...
[2026-07-29T14:31:37.838Z] Game record failed: Unknown game target space-invaders-2d. Available targets: star-trooper, challenge-2026, nemesis, epic-shooter-3d.

[2026-07-29T14:31:37.838Z] [Step 3/3] Web Skill Training: mdn-search (docs) "MutationObserver"...
[2026-07-29T14:31:43.866Z] Web Skill OK: mdn-search (docs)
[2026-07-29T14:31:44.872Z] 
--- Cycle #30 (Tasks: 1,500/100,000) ---
[2026-07-29T14:31:44.872Z] Elapsed: 0.29h | Remaining: 719.71h
[2026-07-29T14:31:44.873Z] [Step 1/3] Resilience Simulation (100 tasks, 20 threads)...
[2026-07-29T14:31:47.621Z] Resilience: semantic=100.0%, delta=+80%
[2026-07-29T14:31:47.623Z] [Step 2/3] PyTorch 3D Training (epic-shooter-3d)...
[2026-07-29T14:32:35.114Z] PyTorch Fit: loss=6.6867, valLoss=6.5963, accuracy=67.9%
[2026-07-29T14:32:35.115Z] [Step 3/3] Web Skill Training: mdn-search (docs) "IntersectionObserver"...
[2026-07-29T14:32:41.131Z] Web Skill OK: mdn-search (docs)
[2026-07-29T14:32:41.133Z] [GitHub Sync] Pushing structured artifacts (iteration #30)...
[2026-07-29T14:32:41.438Z] [GitHub Sync] Push note: Command failed: git push origin training-results || git push -u origin training-results
fatal: could not read Username for 'https://github.com': No su
[2026-07-29T14:32:42.442Z] 
--- Cycle #31 (Tasks: 1,550/100,000) ---
[2026-07-29T14:32:42.442Z] Elapsed: 0.31h | Remaining: 719.69h
[2026-07-29T14:32:42.442Z] [Step 1/3] Resilience Simulation (100 tasks, 20 threads)...
[2026-07-29T14:32:45.014Z] Resilience: semantic=100.0%, delta=+80%
[2026-07-29T14:32:45.015Z] [Step 2/3] PyTorch 2D Training (space-invaders-2d)...
[2026-07-29T14:32:48.997Z] Game record failed: Unknown game target space-invaders-2d. Available targets: star-trooper, challenge-2026, nemesis, epic-shooter-3d.

[2026-07-29T14:32:48.998Z] [Step 3/3] Web Skill Training: mdn-search (docs) "requestAnimationFrame"...
[2026-07-29T14:32:55.124Z] Web Skill OK: mdn-search (docs)
[2026-07-29T14:32:56.130Z] 
--- Cycle #32 (Tasks: 1,600/100,000) ---
[2026-07-29T14:32:56.130Z] Elapsed: 0.31h | Remaining: 719.69h
[2026-07-29T14:32:56.130Z] [Step 1/3] Resilience Simulation (100 tasks, 20 threads)...
[2026-07-29T14:32:58.756Z] Resilience: semantic=100.0%, delta=+80%
[2026-07-29T14:32:58.758Z] [Step 2/3] PyTorch 3D Training (epic-shooter-3d)...
[2026-07-29T14:33:49.186Z] PyTorch Fit: loss=6.4664, valLoss=6.2481, accuracy=68.3%
[2026-07-29T14:33:49.187Z] [Step 3/3] Web Skill Training: mdn-search (docs) "PerformanceObserver"...
[2026-07-29T14:33:55.257Z] Web Skill OK: mdn-search (docs)
[2026-07-29T14:33:56.264Z] 
--- Cycle #33 (Tasks: 1,650/100,000) ---
[2026-07-29T14:33:56.264Z] Elapsed: 0.33h | Remaining: 719.67h
[2026-07-29T14:33:56.264Z] [Step 1/3] Resilience Simulation (100 tasks, 20 threads)...
[2026-07-29T14:33:58.827Z] Resilience: semantic=100.0%, delta=+80%
[2026-07-29T14:33:58.829Z] [Step 2/3] PyTorch 2D Training (space-invaders-2d)...
[2026-07-29T14:34:02.819Z] Game record failed: Unknown game target space-invaders-2d. Available targets: star-trooper, challenge-2026, nemesis, epic-shooter-3d.

[2026-07-29T14:34:02.819Z] [Step 3/3] Web Skill Training: github-issues (project) "is:open label:bug"...
[2026-07-29T14:34:06.320Z] Web Skill note: Unknown public-web training scenario "github-issues". Choose one of: wikipedia-search, mdn-search, github-issue-filter, openstreetmap-place-search.

[2026-07-29T14:34:07.326Z] 
--- Cycle #34 (Tasks: 1,700/100,000) ---
[2026-07-29T14:34:07.326Z] Elapsed: 0.33h | Remaining: 719.67h
[2026-07-29T14:34:07.326Z] [Step 1/3] Resilience Simulation (100 tasks, 20 threads)...
[2026-07-29T14:34:10.006Z] Resilience: semantic=100.0%, delta=+80%
[2026-07-29T14:34:10.006Z] [Step 2/3] PyTorch 3D Training (epic-shooter-3d)...
[2026-07-29T14:35:00.968Z] PyTorch Fit: loss=6.6600, valLoss=6.5867, accuracy=42.3%
[2026-07-29T14:35:00.969Z] [Step 3/3] Web Skill Training: github-issues (project) "is:open label:enhancement"...
[2026-07-29T14:35:04.499Z] Web Skill note: Unknown public-web training scenario "github-issues". Choose one of: wikipedia-search, mdn-search, github-issue-filter, openstreetmap-place-search.

[2026-07-29T14:35:05.506Z] 
--- Cycle #35 (Tasks: 1,750/100,000) ---
[2026-07-29T14:35:05.506Z] Elapsed: 0.35h | Remaining: 719.65h
[2026-07-29T14:35:05.506Z] [Step 1/3] Resilience Simulation (100 tasks, 20 threads)...
[2026-07-29T14:35:08.356Z] Resilience: semantic=100.0%, delta=+80%
[2026-07-29T14:35:08.357Z] [Step 2/3] PyTorch 2D Training (space-invaders-2d)...
[2026-07-29T14:35:12.353Z] Game record failed: Unknown game target space-invaders-2d. Available targets: star-trooper, challenge-2026, nemesis, epic-shooter-3d.

[2026-07-29T14:35:12.353Z] [Step 3/3] Web Skill Training: openstreetmap (geo) "search for Taipei 101"...
[2026-07-29T14:35:15.867Z] Web Skill note: Unknown public-web training scenario "openstreetmap". Choose one of: wikipedia-search, mdn-search, github-issue-filter, openstreetmap-place-search.

[2026-07-29T14:35:16.873Z] 
--- Cycle #36 (Tasks: 1,800/100,000) ---
[2026-07-29T14:35:16.873Z] Elapsed: 0.35h | Remaining: 719.65h
[2026-07-29T14:35:16.873Z] [Step 1/3] Resilience Simulation (100 tasks, 20 threads)...
[2026-07-29T14:35:19.479Z] Resilience: semantic=100.0%, delta=+80%
[2026-07-29T14:35:19.480Z] [Step 2/3] PyTorch 3D Training (epic-shooter-3d)...
[2026-07-29T14:36:05.981Z] PyTorch Fit: loss=6.6963, valLoss=6.5970, accuracy=35.2%
[2026-07-29T14:36:05.982Z] [Step 3/3] Web Skill Training: openstreetmap (geo) "search for Central Park"...
[2026-07-29T14:36:09.484Z] Web Skill note: Unknown public-web training scenario "openstreetmap". Choose one of: wikipedia-search, mdn-search, github-issue-filter, openstreetmap-place-search.

[2026-07-29T14:36:10.492Z] 
--- Cycle #37 (Tasks: 1,850/100,000) ---
[2026-07-29T14:36:10.492Z] Elapsed: 0.36h | Remaining: 719.64h
[2026-07-29T14:36:10.492Z] [Step 1/3] Resilience Simulation (100 tasks, 20 threads)...
[2026-07-29T14:36:13.164Z] Resilience: semantic=100.0%, delta=+80%
[2026-07-29T14:36:13.165Z] [Step 2/3] PyTorch 2D Training (space-invaders-2d)...
[2026-07-29T14:36:17.145Z] Game record failed: Unknown game target space-invaders-2d. Available targets: star-trooper, challenge-2026, nemesis, epic-shooter-3d.

[2026-07-29T14:36:17.145Z] [Step 3/3] Web Skill Training: product-search (commerce) "mechanical keyboard"...
[2026-07-29T14:36:23.563Z] Web Skill OK: product-search (commerce)
[2026-07-29T14:36:24.571Z] 
--- Cycle #38 (Tasks: 1,900/100,000) ---
[2026-07-29T14:36:24.571Z] Elapsed: 0.37h | Remaining: 719.63h
[2026-07-29T14:36:24.571Z] [Step 1/3] Resilience Simulation (100 tasks, 20 threads)...
[2026-07-29T14:36:27.266Z] Resilience: semantic=100.0%, delta=+80%
[2026-07-29T14:36:27.267Z] [Step 2/3] PyTorch 3D Training (epic-shooter-3d)...
[2026-07-29T14:37:14.621Z] PyTorch Fit: loss=6.6894, valLoss=6.6078, accuracy=68.4%
[2026-07-29T14:37:14.622Z] [Step 3/3] Web Skill Training: product-search (commerce) "wireless mouse"...
[2026-07-29T14:37:20.804Z] Web Skill OK: product-search (commerce)
[2026-07-29T14:37:21.811Z] 
--- Cycle #39 (Tasks: 1,950/100,000) ---
[2026-07-29T14:37:21.811Z] Elapsed: 0.38h | Remaining: 719.62h
[2026-07-29T14:37:21.811Z] [Step 1/3] Resilience Simulation (100 tasks, 20 threads)...
[2026-07-29T14:37:24.356Z] Resilience: semantic=100.0%, delta=+80%
[2026-07-29T14:37:24.357Z] [Step 2/3] PyTorch 2D Training (space-invaders-2d)...
[2026-07-29T14:37:28.360Z] Game record failed: Unknown game target space-invaders-2d. Available targets: star-trooper, challenge-2026, nemesis, epic-shooter-3d.

[2026-07-29T14:37:28.360Z] [Step 3/3] Web Skill Training: form-fill (interaction) "form-fill"...
[2026-07-29T14:37:34.888Z] Web Skill OK: form-fill (interaction)
[2026-07-29T14:37:35.894Z] 
--- Cycle #40 (Tasks: 2,000/100,000) ---
[2026-07-29T14:37:35.894Z] Elapsed: 0.39h | Remaining: 719.61h
[2026-07-29T14:37:35.894Z] [Step 1/3] Resilience Simulation (100 tasks, 20 threads)...
[2026-07-29T14:37:38.369Z] Resilience: semantic=100.0%, delta=+80%
[2026-07-29T14:37:38.370Z] [Step 2/3] PyTorch 3D Training (epic-shooter-3d)...
[2026-07-29T14:38:29.823Z] PyTorch Fit: loss=6.6543, valLoss=6.5436, accuracy=68.2%
[2026-07-29T14:38:29.823Z] [Step 3/3] Web Skill Training: multi-step-form (interaction) "multi-step-form"...
[2026-07-29T14:38:36.163Z] Web Skill OK: multi-step-form (interaction)
[2026-07-29T14:38:36.166Z] [GitHub Sync] Pushing structured artifacts (iteration #40)...
[2026-07-29T14:38:36.475Z] [GitHub Sync] Push note: Command failed: git push origin training-results || git push -u origin training-results
fatal: could not read Username for 'https://github.com': No su
[2026-07-29T14:38:37.479Z] 
--- Cycle #41 (Tasks: 2,050/100,000) ---
[2026-07-29T14:38:37.480Z] Elapsed: 0.40h | Remaining: 719.60h
[2026-07-29T14:38:37.480Z] [Step 1/3] Resilience Simulation (100 tasks, 20 threads)...
[2026-07-29T14:38:40.288Z] Resilience: semantic=100.0%, delta=+80%
[2026-07-29T14:38:40.289Z] [Step 2/3] PyTorch 2D Training (space-invaders-2d)...
[2026-07-29T14:38:44.321Z] Game record failed: Unknown game target space-invaders-2d. Available targets: star-trooper, challenge-2026, nemesis, epic-shooter-3d.

[2026-07-29T14:38:44.322Z] [Step 3/3] Web Skill Training: multi-page-nav (navigation) "multi-page-nav"...
[2026-07-29T14:38:50.463Z] Web Skill OK: multi-page-nav (navigation)
[2026-07-29T14:38:51.469Z] 
--- Cycle #42 (Tasks: 2,100/100,000) ---
[2026-07-29T14:38:51.470Z] Elapsed: 0.41h | Remaining: 719.59h
[2026-07-29T14:38:51.470Z] [Step 1/3] Resilience Simulation (100 tasks, 20 threads)...
[2026-07-29T14:38:54.241Z] Resilience: semantic=100.0%, delta=+80%
[2026-07-29T14:38:54.242Z] [Step 2/3] PyTorch 3D Training (epic-shooter-3d)...
[2026-07-29T14:39:47.370Z] PyTorch Fit: loss=6.6433, valLoss=6.5097, accuracy=68.0%
[2026-07-29T14:39:47.371Z] [Step 3/3] Web Skill Training: tab-management (navigation) "tab-management"...
[2026-07-29T14:39:53.796Z] Web Skill OK: tab-management (navigation)
[2026-07-29T14:39:54.804Z] 
--- Cycle #43 (Tasks: 2,150/100,000) ---
[2026-07-29T14:39:54.804Z] Elapsed: 0.43h | Remaining: 719.57h
[2026-07-29T14:39:54.804Z] [Step 1/3] Resilience Simulation (100 tasks, 20 threads)...
[2026-07-29T14:39:57.476Z] Resilience: semantic=100.0%, delta=+80%
[2026-07-29T14:39:57.477Z] [Step 2/3] PyTorch 2D Training (space-invaders-2d)...
[2026-07-29T14:40:01.518Z] Game record failed: Unknown game target space-invaders-2d. Available targets: star-trooper, challenge-2026, nemesis, epic-shooter-3d.

[2026-07-29T14:40:01.519Z] [Step 3/3] Web Skill Training: infinite-scroll (dynamic) "infinite-scroll"...
[2026-07-29T14:40:07.892Z] Web Skill OK: infinite-scroll (dynamic)
[2026-07-29T14:40:08.898Z] 
--- Cycle #44 (Tasks: 2,200/100,000) ---
[2026-07-29T14:40:08.898Z] Elapsed: 0.43h | Remaining: 719.57h
[2026-07-29T14:40:08.898Z] [Step 1/3] Resilience Simulation (100 tasks, 20 threads)...
[2026-07-29T14:40:11.796Z] Resilience: semantic=100.0%, delta=+80%
[2026-07-29T14:40:11.798Z] [Step 2/3] PyTorch 3D Training (epic-shooter-3d)...
[2026-07-29T14:41:02.596Z] PyTorch Fit: loss=6.5221, valLoss=6.3855, accuracy=66.8%
[2026-07-29T14:41:02.597Z] [Step 3/3] Web Skill Training: lazy-load-detect (dynamic) "lazy-load-detect"...
[2026-07-29T14:41:08.983Z] Web Skill OK: lazy-load-detect (dynamic)
[2026-07-29T14:41:09.991Z] 
--- Cycle #45 (Tasks: 2,250/100,000) ---
[2026-07-29T14:41:09.991Z] Elapsed: 0.45h | Remaining: 719.55h
[2026-07-29T14:41:09.991Z] [Step 1/3] Resilience Simulation (100 tasks, 20 threads)...
[2026-07-29T14:41:12.576Z] Resilience: semantic=100.0%, delta=+80%
[2026-07-29T14:41:12.577Z] [Step 2/3] PyTorch 2D Training (space-invaders-2d)...
[2026-07-29T14:41:16.598Z] Game record failed: Unknown game target space-invaders-2d. Available targets: star-trooper, challenge-2026, nemesis, epic-shooter-3d.

[2026-07-29T14:41:16.598Z] [Step 3/3] Web Skill Training: wikipedia-search (search) "Antigravity Agentic Coding"...
[2026-07-29T14:41:22.746Z] Web Skill OK: wikipedia-search (search)
[2026-07-29T14:41:23.753Z] 
--- Cycle #46 (Tasks: 2,300/100,000) ---
[2026-07-29T14:41:23.753Z] Elapsed: 0.45h | Remaining: 719.55h
[2026-07-29T14:41:23.753Z] [Step 1/3] Resilience Simulation (100 tasks, 20 threads)...
[2026-07-29T14:41:26.516Z] Resilience: semantic=100.0%, delta=+80%
[2026-07-29T14:41:26.518Z] [Step 2/3] PyTorch 3D Training (epic-shooter-3d)...
[2026-07-29T14:42:14.820Z] PyTorch Fit: loss=6.6306, valLoss=6.5196, accuracy=67.2%
[2026-07-29T14:42:14.821Z] [Step 3/3] Web Skill Training: wikipedia-search (search) "Local Human Intent Controller"...
[2026-07-29T14:42:20.970Z] Web Skill OK: wikipedia-search (search)
[2026-07-29T14:42:21.978Z] 
--- Cycle #47 (Tasks: 2,350/100,000) ---
[2026-07-29T14:42:21.979Z] Elapsed: 0.47h | Remaining: 719.53h
[2026-07-29T14:42:21.979Z] [Step 1/3] Resilience Simulation (100 tasks, 20 threads)...
[2026-07-29T14:42:24.567Z] Resilience: semantic=100.0%, delta=+80%
[2026-07-29T14:42:24.568Z] [Step 2/3] PyTorch 2D Training (space-invaders-2d)...
[2026-07-29T14:42:28.591Z] Game record failed: Unknown game target space-invaders-2d. Available targets: star-trooper, challenge-2026, nemesis, epic-shooter-3d.

[2026-07-29T14:42:28.592Z] [Step 3/3] Web Skill Training: wikipedia-search (search) "Deterministic Computer Automation"...
[2026-07-29T14:42:34.783Z] Web Skill OK: wikipedia-search (search)
[2026-07-29T14:42:35.789Z] 
--- Cycle #48 (Tasks: 2,400/100,000) ---
[2026-07-29T14:42:35.789Z] Elapsed: 0.47h | Remaining: 719.53h
[2026-07-29T14:42:35.789Z] [Step 1/3] Resilience Simulation (100 tasks, 20 threads)...
[2026-07-29T14:42:38.401Z] Resilience: semantic=100.0%, delta=+80%
[2026-07-29T14:42:38.402Z] [Step 2/3] PyTorch 3D Training (epic-shooter-3d)...
[2026-07-29T14:43:28.701Z] PyTorch Fit: loss=6.7694, valLoss=6.6846, accuracy=47.0%
[2026-07-29T14:43:28.702Z] [Step 3/3] Web Skill Training: wikipedia-search (search) "Verifier Evidence Framework"...
[2026-07-29T14:43:35.037Z] Web Skill OK: wikipedia-search (search)
[2026-07-29T14:43:36.044Z] 
--- Cycle #49 (Tasks: 2,450/100,000) ---
[2026-07-29T14:43:36.044Z] Elapsed: 0.49h | Remaining: 719.51h
[2026-07-29T14:43:36.044Z] [Step 1/3] Resilience Simulation (100 tasks, 20 threads)...
[2026-07-29T14:43:38.509Z] Resilience: semantic=100.0%, delta=+80%
[2026-07-29T14:43:38.510Z] [Step 2/3] PyTorch 2D Training (space-invaders-2d)...
[2026-07-29T14:43:42.512Z] Game record failed: Unknown game target space-invaders-2d. Available targets: star-trooper, challenge-2026, nemesis, epic-shooter-3d.

[2026-07-29T14:43:42.513Z] [Step 3/3] Web Skill Training: wikipedia-search (search) "Neural Network Behavior Cloning"...
[2026-07-29T14:43:48.761Z] Web Skill OK: wikipedia-search (search)
[2026-07-29T14:43:49.767Z] 
--- Cycle #50 (Tasks: 2,500/100,000) ---
[2026-07-29T14:43:49.767Z] Elapsed: 0.49h | Remaining: 719.51h
[2026-07-29T14:43:49.767Z] [Step 1/3] Resilience Simulation (100 tasks, 20 threads)...
[2026-07-29T14:43:52.374Z] Resilience: semantic=100.0%, delta=+80%
[2026-07-29T14:43:52.375Z] [Step 2/3] PyTorch 3D Training (epic-shooter-3d)...
[2026-07-29T14:44:40.696Z] PyTorch Fit: loss=6.5652, valLoss=6.4123, accuracy=67.3%
[2026-07-29T14:44:40.697Z] [Step 3/3] Web Skill Training: wikipedia-search (search) "Browser Automation Testing"...
[2026-07-29T14:44:47.108Z] Web Skill OK: wikipedia-search (search)
[2026-07-29T14:44:47.111Z] [GitHub Sync] Pushing structured artifacts (iteration #50)...
[2026-07-29T14:44:47.431Z] [GitHub Sync] Push note: Command failed: git push origin training-results || git push -u origin training-results
fatal: could not read Username for 'https://github.com': No su
[2026-07-29T14:44:48.435Z] 
--- Cycle #51 (Tasks: 2,550/100,000) ---
[2026-07-29T14:44:48.435Z] Elapsed: 0.51h | Remaining: 719.49h
[2026-07-29T14:44:48.435Z] [Step 1/3] Resilience Simulation (100 tasks, 20 threads)...
[2026-07-29T14:44:51.104Z] Resilience: semantic=100.0%, delta=+80%
[2026-07-29T14:44:51.105Z] [Step 2/3] PyTorch 2D Training (space-invaders-2d)...
[2026-07-29T14:44:55.120Z] Game record failed: Unknown game target space-invaders-2d. Available targets: star-trooper, challenge-2026, nemesis, epic-shooter-3d.

[2026-07-29T14:44:55.121Z] [Step 3/3] Web Skill Training: mdn-search (docs) "MutationObserver"...
[2026-07-29T14:45:01.172Z] Web Skill OK: mdn-search (docs)
[2026-07-29T14:45:02.178Z] 
--- Cycle #52 (Tasks: 2,600/100,000) ---
[2026-07-29T14:45:02.179Z] Elapsed: 0.51h | Remaining: 719.49h
[2026-07-29T14:45:02.179Z] [Step 1/3] Resilience Simulation (100 tasks, 20 threads)...
[2026-07-29T14:45:04.709Z] Resilience: semantic=100.0%, delta=+80%
[2026-07-29T14:45:04.710Z] [Step 2/3] PyTorch 3D Training (epic-shooter-3d)...
[2026-07-29T14:45:51.681Z] PyTorch Fit: loss=6.5889, valLoss=6.4698, accuracy=67.3%
[2026-07-29T14:45:51.683Z] [Step 3/3] Web Skill Training: mdn-search (docs) "IntersectionObserver"...
[2026-07-29T14:45:57.931Z] Web Skill OK: mdn-search (docs)
[2026-07-29T14:45:58.938Z] 
--- Cycle #53 (Tasks: 2,650/100,000) ---
[2026-07-29T14:45:58.938Z] Elapsed: 0.53h | Remaining: 719.47h
[2026-07-29T14:45:58.938Z] [Step 1/3] Resilience Simulation (100 tasks, 20 threads)...
[2026-07-29T14:46:01.660Z] Resilience: semantic=100.0%, delta=+80%
[2026-07-29T14:46:01.661Z] [Step 2/3] PyTorch 2D Training (space-invaders-2d)...
[2026-07-29T14:46:05.719Z] Game record failed: Unknown game target space-invaders-2d. Available targets: star-trooper, challenge-2026, nemesis, epic-shooter-3d.

[2026-07-29T14:46:05.720Z] [Step 3/3] Web Skill Training: mdn-search (docs) "requestAnimationFrame"...
[2026-07-29T14:46:11.696Z] Web Skill OK: mdn-search (docs)
[2026-07-29T14:46:12.703Z] 
--- Cycle #54 (Tasks: 2,700/100,000) ---
[2026-07-29T14:46:12.703Z] Elapsed: 0.53h | Remaining: 719.47h
[2026-07-29T14:46:12.703Z] [Step 1/3] Resilience Simulation (100 tasks, 20 threads)...
[2026-07-29T14:46:15.370Z] Resilience: semantic=100.0%, delta=+80%
[2026-07-29T14:46:15.372Z] [Step 2/3] PyTorch 3D Training (epic-shooter-3d)...
[2026-07-29T14:47:07.047Z] PyTorch Fit: loss=6.5944, valLoss=6.4599, accuracy=59.4%
[2026-07-29T14:47:07.047Z] [Step 3/3] Web Skill Training: mdn-search (docs) "PerformanceObserver"...
[2026-07-29T14:47:13.034Z] Web Skill OK: mdn-search (docs)
[2026-07-29T14:47:14.042Z] 
--- Cycle #55 (Tasks: 2,750/100,000) ---
[2026-07-29T14:47:14.042Z] Elapsed: 0.55h | Remaining: 719.45h
[2026-07-29T14:47:14.042Z] [Step 1/3] Resilience Simulation (100 tasks, 20 threads)...
[2026-07-29T14:47:16.588Z] Resilience: semantic=100.0%, delta=+80%
[2026-07-29T14:47:16.589Z] [Step 2/3] PyTorch 2D Training (space-invaders-2d)...
[2026-07-29T14:47:20.565Z] Game record failed: Unknown game target space-invaders-2d. Available targets: star-trooper, challenge-2026, nemesis, epic-shooter-3d.

[2026-07-29T14:47:20.566Z] [Step 3/3] Web Skill Training: github-issues (project) "is:open label:bug"...
[2026-07-29T14:47:24.091Z] Web Skill note: Unknown public-web training scenario "github-issues". Choose one of: wikipedia-search, mdn-search, github-issue-filter, openstreetmap-place-search.

[2026-07-29T14:47:25.097Z] 
--- Cycle #56 (Tasks: 2,800/100,000) ---
[2026-07-29T14:47:25.097Z] Elapsed: 0.55h | Remaining: 719.45h
[2026-07-29T14:47:25.097Z] [Step 1/3] Resilience Simulation (100 tasks, 20 threads)...
[2026-07-29T14:47:27.673Z] Resilience: semantic=100.0%, delta=+80%
[2026-07-29T14:47:27.674Z] [Step 2/3] PyTorch 3D Training (epic-shooter-3d)...
[2026-07-29T14:48:14.860Z] PyTorch Fit: loss=6.5773, valLoss=6.4239, accuracy=68.3%
[2026-07-29T14:48:14.861Z] [Step 3/3] Web Skill Training: github-issues (project) "is:open label:enhancement"...
[2026-07-29T14:48:18.393Z] Web Skill note: Unknown public-web training scenario "github-issues". Choose one of: wikipedia-search, mdn-search, github-issue-filter, openstreetmap-place-search.

[2026-07-29T14:48:19.399Z] 
--- Cycle #57 (Tasks: 2,850/100,000) ---
[2026-07-29T14:48:19.399Z] Elapsed: 0.57h | Remaining: 719.43h
[2026-07-29T14:48:19.399Z] [Step 1/3] Resilience Simulation (100 tasks, 20 threads)...
[2026-07-29T14:48:22.045Z] Resilience: semantic=100.0%, delta=+80%
[2026-07-29T14:48:22.046Z] [Step 2/3] PyTorch 2D Training (space-invaders-2d)...
[2026-07-29T14:48:26.070Z] Game record failed: Unknown game target space-invaders-2d. Available targets: star-trooper, challenge-2026, nemesis, epic-shooter-3d.

[2026-07-29T14:48:26.071Z] [Step 3/3] Web Skill Training: openstreetmap (geo) "search for Taipei 101"...
[2026-07-29T14:48:29.593Z] Web Skill note: Unknown public-web training scenario "openstreetmap". Choose one of: wikipedia-search, mdn-search, github-issue-filter, openstreetmap-place-search.

[2026-07-29T14:48:30.599Z] 
--- Cycle #58 (Tasks: 2,900/100,000) ---
[2026-07-29T14:48:30.599Z] Elapsed: 0.57h | Remaining: 719.43h
[2026-07-29T14:48:30.599Z] [Step 1/3] Resilience Simulation (100 tasks, 20 threads)...
[2026-07-29T14:48:33.337Z] Resilience: semantic=100.0%, delta=+80%
[2026-07-29T14:48:33.339Z] [Step 2/3] PyTorch 3D Training (epic-shooter-3d)...
[2026-07-29T14:49:20.498Z] PyTorch Fit: loss=6.6741, valLoss=6.6103, accuracy=57.4%
[2026-07-29T14:49:20.499Z] [Step 3/3] Web Skill Training: openstreetmap (geo) "search for Central Park"...
[2026-07-29T14:49:24.065Z] Web Skill note: Unknown public-web training scenario "openstreetmap". Choose one of: wikipedia-search, mdn-search, github-issue-filter, openstreetmap-place-search.

[2026-07-29T14:49:25.072Z] 
--- Cycle #59 (Tasks: 2,950/100,000) ---
[2026-07-29T14:49:25.072Z] Elapsed: 0.58h | Remaining: 719.42h
[2026-07-29T14:49:25.072Z] [Step 1/3] Resilience Simulation (100 tasks, 20 threads)...
[2026-07-29T14:49:27.575Z] Resilience: semantic=100.0%, delta=+80%
[2026-07-29T14:49:27.576Z] [Step 2/3] PyTorch 2D Training (space-invaders-2d)...
[2026-07-29T14:49:31.580Z] Game record failed: Unknown game target space-invaders-2d. Available targets: star-trooper, challenge-2026, nemesis, epic-shooter-3d.

[2026-07-29T14:49:31.580Z] [Step 3/3] Web Skill Training: product-search (commerce) "mechanical keyboard"...
[2026-07-29T14:49:38.013Z] Web Skill OK: product-search (commerce)
[2026-07-29T14:49:39.019Z] 
--- Cycle #60 (Tasks: 3,000/100,000) ---
[2026-07-29T14:49:39.019Z] Elapsed: 0.59h | Remaining: 719.41h
[2026-07-29T14:49:39.019Z] [Step 1/3] Resilience Simulation (100 tasks, 20 threads)...
[2026-07-29T14:49:41.604Z] Resilience: semantic=100.0%, delta=+80%
[2026-07-29T14:49:41.605Z] [Step 2/3] PyTorch 3D Training (epic-shooter-3d)...
[2026-07-29T14:50:28.494Z] PyTorch Fit: loss=6.5047, valLoss=6.3420, accuracy=58.6%
[2026-07-29T14:50:28.495Z] [Step 3/3] Web Skill Training: product-search (commerce) "wireless mouse"...
[2026-07-29T14:50:34.896Z] Web Skill OK: product-search (commerce)
[2026-07-29T14:50:34.898Z] [GitHub Sync] Pushing structured artifacts (iteration #60)...
[2026-07-29T14:50:35.185Z] [GitHub Sync] Push note: Command failed: git push origin training-results || git push -u origin training-results
fatal: could not read Username for 'https://github.com': No su
[2026-07-29T14:50:36.190Z] 
--- Cycle #61 (Tasks: 3,050/100,000) ---
[2026-07-29T14:50:36.190Z] Elapsed: 0.60h | Remaining: 719.40h
[2026-07-29T14:50:36.190Z] [Step 1/3] Resilience Simulation (100 tasks, 20 threads)...
[2026-07-29T14:50:38.870Z] Resilience: semantic=100.0%, delta=+80%
[2026-07-29T14:50:38.871Z] [Step 2/3] PyTorch 2D Training (space-invaders-2d)...
[2026-07-29T14:50:42.897Z] Game record failed: Unknown game target space-invaders-2d. Available targets: star-trooper, challenge-2026, nemesis, epic-shooter-3d.

[2026-07-29T14:50:42.897Z] [Step 3/3] Web Skill Training: form-fill (interaction) "form-fill"...
[2026-07-29T14:50:49.461Z] Web Skill OK: form-fill (interaction)
[2026-07-29T14:50:50.467Z] 
--- Cycle #62 (Tasks: 3,100/100,000) ---
[2026-07-29T14:50:50.467Z] Elapsed: 0.61h | Remaining: 719.39h
[2026-07-29T14:50:50.468Z] [Step 1/3] Resilience Simulation (100 tasks, 20 threads)...
[2026-07-29T14:50:53.057Z] Resilience: semantic=100.0%, delta=+80%
[2026-07-29T14:50:53.058Z] [Step 2/3] PyTorch 3D Training (epic-shooter-3d)...
[2026-07-29T14:51:40.003Z] PyTorch Fit: loss=6.5673, valLoss=6.4587, accuracy=58.8%
[2026-07-29T14:51:40.004Z] [Step 3/3] Web Skill Training: multi-step-form (interaction) "multi-step-form"...
[2026-07-29T14:51:46.382Z] Web Skill OK: multi-step-form (interaction)
[2026-07-29T14:51:47.389Z] 
--- Cycle #63 (Tasks: 3,150/100,000) ---
[2026-07-29T14:51:47.389Z] Elapsed: 0.62h | Remaining: 719.38h
[2026-07-29T14:51:47.389Z] [Step 1/3] Resilience Simulation (100 tasks, 20 threads)...
[2026-07-29T14:51:49.942Z] Resilience: semantic=100.0%, delta=+80%
[2026-07-29T14:51:49.943Z] [Step 2/3] PyTorch 2D Training (space-invaders-2d)...
[2026-07-29T14:51:53.953Z] Game record failed: Unknown game target space-invaders-2d. Available targets: star-trooper, challenge-2026, nemesis, epic-shooter-3d.

[2026-07-29T14:51:53.953Z] [Step 3/3] Web Skill Training: multi-page-nav (navigation) "multi-page-nav"...
[2026-07-29T14:52:00.169Z] Web Skill OK: multi-page-nav (navigation)
[2026-07-29T14:52:01.176Z] 
--- Cycle #64 (Tasks: 3,200/100,000) ---
[2026-07-29T14:52:01.176Z] Elapsed: 0.63h | Remaining: 719.37h
[2026-07-29T14:52:01.176Z] [Step 1/3] Resilience Simulation (100 tasks, 20 threads)...
[2026-07-29T14:52:03.741Z] Resilience: semantic=100.0%, delta=+80%
[2026-07-29T14:52:03.743Z] [Step 2/3] PyTorch 3D Training (epic-shooter-3d)...
[2026-07-29T14:52:54.134Z] PyTorch Fit: loss=6.5251, valLoss=6.3602, accuracy=67.4%
[2026-07-29T14:52:54.135Z] [Step 3/3] Web Skill Training: tab-management (navigation) "tab-management"...
[2026-07-29T14:53:00.791Z] Web Skill OK: tab-management (navigation)
[2026-07-29T14:53:01.798Z] 
--- Cycle #65 (Tasks: 3,250/100,000) ---
[2026-07-29T14:53:01.798Z] Elapsed: 0.64h | Remaining: 719.36h
[2026-07-29T14:53:01.798Z] [Step 1/3] Resilience Simulation (100 tasks, 20 threads)...
[2026-07-29T14:53:04.518Z] Resilience: semantic=100.0%, delta=+80%
[2026-07-29T14:53:04.521Z] [Step 2/3] PyTorch 2D Training (space-invaders-2d)...
[2026-07-29T14:53:08.522Z] Game record failed: Unknown game target space-invaders-2d. Available targets: star-trooper, challenge-2026, nemesis, epic-shooter-3d.

[2026-07-29T14:53:08.522Z] [Step 3/3] Web Skill Training: infinite-scroll (dynamic) "infinite-scroll"...
[2026-07-29T14:53:14.784Z] Web Skill OK: infinite-scroll (dynamic)
[2026-07-29T14:53:15.791Z] 
--- Cycle #66 (Tasks: 3,300/100,000) ---
[2026-07-29T14:53:15.791Z] Elapsed: 0.65h | Remaining: 719.35h
[2026-07-29T14:53:15.791Z] [Step 1/3] Resilience Simulation (100 tasks, 20 threads)...
[2026-07-29T14:53:18.384Z] Resilience: semantic=100.0%, delta=+80%
[2026-07-29T14:53:18.385Z] [Step 2/3] PyTorch 3D Training (epic-shooter-3d)...
[2026-07-29T14:54:10.165Z] PyTorch Fit: loss=6.6622, valLoss=6.5160, accuracy=66.9%
[2026-07-29T14:54:10.166Z] [Step 3/3] Web Skill Training: lazy-load-detect (dynamic) "lazy-load-detect"...
[2026-07-29T14:54:16.487Z] Web Skill OK: lazy-load-detect (dynamic)
[2026-07-29T14:54:17.493Z] 
--- Cycle #67 (Tasks: 3,350/100,000) ---
[2026-07-29T14:54:17.493Z] Elapsed: 0.67h | Remaining: 719.33h
[2026-07-29T14:54:17.493Z] [Step 1/3] Resilience Simulation (100 tasks, 20 threads)...
[2026-07-29T14:54:19.946Z] Resilience: semantic=100.0%, delta=+80%
[2026-07-29T14:54:19.947Z] [Step 2/3] PyTorch 2D Training (space-invaders-2d)...
[2026-07-29T14:54:23.968Z] Game record failed: Unknown game target space-invaders-2d. Available targets: star-trooper, challenge-2026, nemesis, epic-shooter-3d.

[2026-07-29T14:54:23.968Z] [Step 3/3] Web Skill Training: wikipedia-search (search) "Antigravity Agentic Coding"...
[2026-07-29T14:54:30.554Z] Web Skill OK: wikipedia-search (search)
[2026-07-29T14:54:31.561Z] 
--- Cycle #68 (Tasks: 3,400/100,000) ---
[2026-07-29T14:54:31.561Z] Elapsed: 0.67h | Remaining: 719.33h
[2026-07-29T14:54:31.561Z] [Step 1/3] Resilience Simulation (100 tasks, 20 threads)...
[2026-07-29T14:54:34.138Z] Resilience: semantic=100.0%, delta=+80%
[2026-07-29T14:54:34.139Z] [Step 2/3] PyTorch 3D Training (epic-shooter-3d)...
[2026-07-29T14:55:26.162Z] PyTorch Fit: loss=6.6427, valLoss=6.5068, accuracy=67.6%
[2026-07-29T14:55:26.162Z] [Step 3/3] Web Skill Training: wikipedia-search (search) "Local Human Intent Controller"...
[2026-07-29T14:55:32.445Z] Web Skill OK: wikipedia-search (search)
[2026-07-29T14:55:33.452Z] 
--- Cycle #69 (Tasks: 3,450/100,000) ---
[2026-07-29T14:55:33.452Z] Elapsed: 0.69h | Remaining: 719.31h
[2026-07-29T14:55:33.452Z] [Step 1/3] Resilience Simulation (100 tasks, 20 threads)...
[2026-07-29T14:55:36.043Z] Resilience: semantic=100.0%, delta=+80%
[2026-07-29T14:55:36.044Z] [Step 2/3] PyTorch 2D Training (space-invaders-2d)...
[2026-07-29T14:55:40.075Z] Game record failed: Unknown game target space-invaders-2d. Available targets: star-trooper, challenge-2026, nemesis, epic-shooter-3d.

[2026-07-29T14:55:40.075Z] [Step 3/3] Web Skill Training: wikipedia-search (search) "Deterministic Computer Automation"...
[2026-07-29T14:55:46.438Z] Web Skill OK: wikipedia-search (search)
[2026-07-29T14:55:47.443Z] 
--- Cycle #70 (Tasks: 3,500/100,000) ---
[2026-07-29T14:55:47.444Z] Elapsed: 0.69h | Remaining: 719.31h
[2026-07-29T14:55:47.444Z] [Step 1/3] Resilience Simulation (100 tasks, 20 threads)...
[2026-07-29T14:55:49.983Z] Resilience: semantic=100.0%, delta=+80%
[2026-07-29T14:55:49.984Z] [Step 2/3] PyTorch 3D Training (epic-shooter-3d)...
[2026-07-29T14:56:40.858Z] PyTorch Fit: loss=6.6647, valLoss=6.5653, accuracy=68.7%
[2026-07-29T14:56:40.859Z] [Step 3/3] Web Skill Training: wikipedia-search (search) "Verifier Evidence Framework"...
[2026-07-29T14:56:47.518Z] Web Skill OK: wikipedia-search (search)
[2026-07-29T14:56:47.520Z] [GitHub Sync] Pushing structured artifacts (iteration #70)...
[2026-07-29T14:56:47.821Z] [GitHub Sync] Push note: Command failed: git push origin training-results || git push -u origin training-results
fatal: could not read Username for 'https://github.com': No su
[2026-07-29T14:56:48.826Z] 
--- Cycle #71 (Tasks: 3,550/100,000) ---
[2026-07-29T14:56:48.826Z] Elapsed: 0.71h | Remaining: 719.29h
[2026-07-29T14:56:48.826Z] [Step 1/3] Resilience Simulation (100 tasks, 20 threads)...
[2026-07-29T14:56:51.258Z] Resilience: semantic=100.0%, delta=+80%
[2026-07-29T14:56:51.259Z] [Step 2/3] PyTorch 2D Training (space-invaders-2d)...
[2026-07-29T14:56:55.271Z] Game record failed: Unknown game target space-invaders-2d. Available targets: star-trooper, challenge-2026, nemesis, epic-shooter-3d.

[2026-07-29T14:56:55.271Z] [Step 3/3] Web Skill Training: wikipedia-search (search) "Neural Network Behavior Cloning"...
[2026-07-29T14:57:01.684Z] Web Skill OK: wikipedia-search (search)
[2026-07-29T14:57:02.691Z] 
--- Cycle #72 (Tasks: 3,600/100,000) ---
[2026-07-29T14:57:02.691Z] Elapsed: 0.71h | Remaining: 719.29h
[2026-07-29T14:57:02.691Z] [Step 1/3] Resilience Simulation (100 tasks, 20 threads)...
[2026-07-29T14:57:05.202Z] Resilience: semantic=100.0%, delta=+80%
[2026-07-29T14:57:05.203Z] [Step 2/3] PyTorch 3D Training (epic-shooter-3d)...
[2026-07-29T14:57:56.972Z] PyTorch Fit: loss=6.6371, valLoss=6.5606, accuracy=67.9%
[2026-07-29T14:57:56.973Z] [Step 3/3] Web Skill Training: wikipedia-search (search) "Browser Automation Testing"...
[2026-07-29T14:58:03.611Z] Web Skill OK: wikipedia-search (search)
[2026-07-29T14:58:04.618Z] 
--- Cycle #73 (Tasks: 3,650/100,000) ---
[2026-07-29T14:58:04.618Z] Elapsed: 0.73h | Remaining: 719.27h
[2026-07-29T14:58:04.618Z] [Step 1/3] Resilience Simulation (100 tasks, 20 threads)...
[2026-07-29T14:58:07.085Z] Resilience: semantic=100.0%, delta=+80%
[2026-07-29T14:58:07.087Z] [Step 2/3] PyTorch 2D Training (space-invaders-2d)...
[2026-07-29T14:58:11.107Z] Game record failed: Unknown game target space-invaders-2d. Available targets: star-trooper, challenge-2026, nemesis, epic-shooter-3d.

[2026-07-29T14:58:11.108Z] [Step 3/3] Web Skill Training: mdn-search (docs) "MutationObserver"...
[2026-07-29T14:58:17.209Z] Web Skill OK: mdn-search (docs)
[2026-07-29T14:58:18.216Z] 
--- Cycle #74 (Tasks: 3,700/100,000) ---
[2026-07-29T14:58:18.216Z] Elapsed: 0.73h | Remaining: 719.27h
[2026-07-29T14:58:18.216Z] [Step 1/3] Resilience Simulation (100 tasks, 20 threads)...
[2026-07-29T14:58:20.750Z] Resilience: semantic=100.0%, delta=+80%
[2026-07-29T14:58:20.752Z] [Step 2/3] PyTorch 3D Training (epic-shooter-3d)...
[2026-07-29T14:59:11.951Z] PyTorch Fit: loss=6.6527, valLoss=6.5772, accuracy=45.6%
[2026-07-29T14:59:11.951Z] [Step 3/3] Web Skill Training: mdn-search (docs) "IntersectionObserver"...
[2026-07-29T14:59:17.941Z] Web Skill OK: mdn-search (docs)
[2026-07-29T14:59:18.948Z] 
--- Cycle #75 (Tasks: 3,750/100,000) ---
[2026-07-29T14:59:18.949Z] Elapsed: 0.75h | Remaining: 719.25h
[2026-07-29T14:59:18.949Z] [Step 1/3] Resilience Simulation (100 tasks, 20 threads)...
[2026-07-29T14:59:21.456Z] Resilience: semantic=100.0%, delta=+80%
[2026-07-29T14:59:21.457Z] [Step 2/3] PyTorch 2D Training (space-invaders-2d)...
[2026-07-29T14:59:25.454Z] Game record failed: Unknown game target space-invaders-2d. Available targets: star-trooper, challenge-2026, nemesis, epic-shooter-3d.

[2026-07-29T14:59:25.454Z] [Step 3/3] Web Skill Training: mdn-search (docs) "requestAnimationFrame"...
[2026-07-29T14:59:31.419Z] Web Skill OK: mdn-search (docs)
[2026-07-29T14:59:32.424Z] 
--- Cycle #76 (Tasks: 3,800/100,000) ---
[2026-07-29T14:59:32.424Z] Elapsed: 0.75h | Remaining: 719.25h
[2026-07-29T14:59:32.424Z] [Step 1/3] Resilience Simulation (100 tasks, 20 threads)...
[2026-07-29T14:59:34.914Z] Resilience: semantic=100.0%, delta=+80%
[2026-07-29T14:59:34.915Z] [Step 2/3] PyTorch 3D Training (epic-shooter-3d)...
[2026-07-29T15:00:21.831Z] PyTorch Fit: loss=6.6148, valLoss=6.4543, accuracy=68.0%
[2026-07-29T15:00:21.832Z] [Step 3/3] Web Skill Training: mdn-search (docs) "PerformanceObserver"...
[2026-07-29T15:00:27.913Z] Web Skill OK: mdn-search (docs)
[2026-07-29T15:00:28.919Z] 
--- Cycle #77 (Tasks: 3,850/100,000) ---
[2026-07-29T15:00:28.920Z] Elapsed: 0.77h | Remaining: 719.23h
[2026-07-29T15:00:28.920Z] [Step 1/3] Resilience Simulation (100 tasks, 20 threads)...
[2026-07-29T15:00:31.482Z] Resilience: semantic=100.0%, delta=+80%
[2026-07-29T15:00:31.483Z] [Step 2/3] PyTorch 2D Training (space-invaders-2d)...
[2026-07-29T15:00:35.485Z] Game record failed: Unknown game target space-invaders-2d. Available targets: star-trooper, challenge-2026, nemesis, epic-shooter-3d.

[2026-07-29T15:00:35.485Z] [Step 3/3] Web Skill Training: github-issues (project) "is:open label:bug"...
[2026-07-29T15:00:38.991Z] Web Skill note: Unknown public-web training scenario "github-issues". Choose one of: wikipedia-search, mdn-search, github-issue-filter, openstreetmap-place-search.

[2026-07-29T15:00:39.997Z] 
--- Cycle #78 (Tasks: 3,900/100,000) ---
[2026-07-29T15:00:39.997Z] Elapsed: 0.77h | Remaining: 719.23h
[2026-07-29T15:00:39.997Z] [Step 1/3] Resilience Simulation (100 tasks, 20 threads)...
[2026-07-29T15:00:42.597Z] Resilience: semantic=100.0%, delta=+80%
[2026-07-29T15:00:42.599Z] [Step 2/3] PyTorch 3D Training (epic-shooter-3d)...
[2026-07-29T15:01:33.724Z] PyTorch Fit: loss=6.4706, valLoss=6.2927, accuracy=56.3%
[2026-07-29T15:01:33.725Z] [Step 3/3] Web Skill Training: github-issues (project) "is:open label:enhancement"...
[2026-07-29T15:01:37.257Z] Web Skill note: Unknown public-web training scenario "github-issues". Choose one of: wikipedia-search, mdn-search, github-issue-filter, openstreetmap-place-search.

[2026-07-29T15:01:38.263Z] 
--- Cycle #79 (Tasks: 3,950/100,000) ---
[2026-07-29T15:01:38.263Z] Elapsed: 0.79h | Remaining: 719.21h
[2026-07-29T15:01:38.263Z] [Step 1/3] Resilience Simulation (100 tasks, 20 threads)...
[2026-07-29T15:01:40.819Z] Resilience: semantic=100.0%, delta=+80%
[2026-07-29T15:01:40.821Z] [Step 2/3] PyTorch 2D Training (space-invaders-2d)...
[2026-07-29T15:01:44.792Z] Game record failed: Unknown game target space-invaders-2d. Available targets: star-trooper, challenge-2026, nemesis, epic-shooter-3d.

[2026-07-29T15:01:44.792Z] [Step 3/3] Web Skill Training: openstreetmap (geo) "search for Taipei 101"...
[2026-07-29T15:01:48.328Z] Web Skill note: Unknown public-web training scenario "openstreetmap". Choose one of: wikipedia-search, mdn-search, github-issue-filter, openstreetmap-place-search.

[2026-07-29T15:01:49.334Z] 
--- Cycle #80 (Tasks: 4,000/100,000) ---
[2026-07-29T15:01:49.334Z] Elapsed: 0.79h | Remaining: 719.21h
[2026-07-29T15:01:49.334Z] [Step 1/3] Resilience Simulation (100 tasks, 20 threads)...
[2026-07-29T15:01:52.003Z] Resilience: semantic=100.0%, delta=+80%
[2026-07-29T15:01:52.004Z] [Step 2/3] PyTorch 3D Training (epic-shooter-3d)...
[2026-07-29T15:02:42.574Z] PyTorch Fit: loss=6.5457, valLoss=6.3976, accuracy=68.0%
[2026-07-29T15:02:42.575Z] [Step 3/3] Web Skill Training: openstreetmap (geo) "search for Central Park"...
[2026-07-29T15:02:46.084Z] Web Skill note: Unknown public-web training scenario "openstreetmap". Choose one of: wikipedia-search, mdn-search, github-issue-filter, openstreetmap-place-search.

[2026-07-29T15:02:46.087Z] [GitHub Sync] Pushing structured artifacts (iteration #80)...
[2026-07-29T15:02:46.388Z] [GitHub Sync] Push note: Command failed: git push origin training-results || git push -u origin training-results
fatal: could not read Username for 'https://github.com': No su
[2026-07-29T15:02:47.392Z] 
--- Cycle #81 (Tasks: 4,050/100,000) ---
[2026-07-29T15:02:47.392Z] Elapsed: 0.81h | Remaining: 719.19h
[2026-07-29T15:02:47.392Z] [Step 1/3] Resilience Simulation (100 tasks, 20 threads)...
[2026-07-29T15:02:50.056Z] Resilience: semantic=100.0%, delta=+80%
[2026-07-29T15:02:50.058Z] [Step 2/3] PyTorch 2D Training (space-invaders-2d)...
[2026-07-29T15:02:54.068Z] Game record failed: Unknown game target space-invaders-2d. Available targets: star-trooper, challenge-2026, nemesis, epic-shooter-3d.

[2026-07-29T15:02:54.069Z] [Step 3/3] Web Skill Training: product-search (commerce) "mechanical keyboard"...
[2026-07-29T15:03:00.581Z] Web Skill OK: product-search (commerce)
[2026-07-29T15:03:01.588Z] 
--- Cycle #82 (Tasks: 4,100/100,000) ---
[2026-07-29T15:03:01.588Z] Elapsed: 0.81h | Remaining: 719.19h
[2026-07-29T15:03:01.588Z] [Step 1/3] Resilience Simulation (100 tasks, 20 threads)...
[2026-07-29T15:03:04.185Z] Resilience: semantic=100.0%, delta=+80%
[2026-07-29T15:03:04.187Z] [Step 2/3] PyTorch 3D Training (epic-shooter-3d)...
[2026-07-29T15:03:55.577Z] PyTorch Fit: loss=6.6593, valLoss=6.5629, accuracy=67.3%
[2026-07-29T15:03:55.578Z] [Step 3/3] Web Skill Training: product-search (commerce) "wireless mouse"...
[2026-07-29T15:04:02.094Z] Web Skill OK: product-search (commerce)
[2026-07-29T15:04:03.102Z] 
--- Cycle #83 (Tasks: 4,150/100,000) ---
[2026-07-29T15:04:03.102Z] Elapsed: 0.83h | Remaining: 719.17h
[2026-07-29T15:04:03.102Z] [Step 1/3] Resilience Simulation (100 tasks, 20 threads)...
[2026-07-29T15:04:05.553Z] Resilience: semantic=100.0%, delta=+80%
[2026-07-29T15:04:05.554Z] [Step 2/3] PyTorch 2D Training (space-invaders-2d)...
[2026-07-29T15:04:09.541Z] Game record failed: Unknown game target space-invaders-2d. Available targets: star-trooper, challenge-2026, nemesis, epic-shooter-3d.

[2026-07-29T15:04:09.541Z] [Step 3/3] Web Skill Training: form-fill (interaction) "form-fill"...
[2026-07-29T15:04:15.977Z] Web Skill OK: form-fill (interaction)
[2026-07-29T15:04:16.984Z] 
--- Cycle #84 (Tasks: 4,200/100,000) ---
[2026-07-29T15:04:16.984Z] Elapsed: 0.83h | Remaining: 719.17h
[2026-07-29T15:04:16.984Z] [Step 1/3] Resilience Simulation (100 tasks, 20 threads)...
[2026-07-29T15:04:19.456Z] Resilience: semantic=100.0%, delta=+80%
[2026-07-29T15:04:19.458Z] [Step 2/3] PyTorch 3D Training (epic-shooter-3d)...
[2026-07-29T15:05:06.468Z] PyTorch Fit: loss=6.5838, valLoss=6.4556, accuracy=66.8%
[2026-07-29T15:05:06.469Z] [Step 3/3] Web Skill Training: multi-step-form (interaction) "multi-step-form"...
[2026-07-29T15:05:12.796Z] Web Skill OK: multi-step-form (interaction)
[2026-07-29T15:05:13.803Z] 
--- Cycle #85 (Tasks: 4,250/100,000) ---
[2026-07-29T15:05:13.803Z] Elapsed: 0.85h | Remaining: 719.15h
[2026-07-29T15:05:13.803Z] [Step 1/3] Resilience Simulation (100 tasks, 20 threads)...
[2026-07-29T15:05:16.377Z] Resilience: semantic=100.0%, delta=+80%
[2026-07-29T15:05:16.378Z] [Step 2/3] PyTorch 2D Training (space-invaders-2d)...
[2026-07-29T15:05:20.350Z] Game record failed: Unknown game target space-invaders-2d. Available targets: star-trooper, challenge-2026, nemesis, epic-shooter-3d.

[2026-07-29T15:05:20.350Z] [Step 3/3] Web Skill Training: multi-page-nav (navigation) "multi-page-nav"...
[2026-07-29T15:05:26.636Z] Web Skill OK: multi-page-nav (navigation)
[2026-07-29T15:05:27.644Z] 
--- Cycle #86 (Tasks: 4,300/100,000) ---
[2026-07-29T15:05:27.644Z] Elapsed: 0.85h | Remaining: 719.15h
[2026-07-29T15:05:27.644Z] [Step 1/3] Resilience Simulation (100 tasks, 20 threads)...
[2026-07-29T15:05:30.086Z] Resilience: semantic=100.0%, delta=+80%
[2026-07-29T15:05:30.087Z] [Step 2/3] PyTorch 3D Training (epic-shooter-3d)...
[2026-07-29T15:06:21.735Z] PyTorch Fit: loss=6.5690, valLoss=6.4214, accuracy=66.8%
[2026-07-29T15:06:21.736Z] [Step 3/3] Web Skill Training: tab-management (navigation) "tab-management"...
[2026-07-29T15:06:27.834Z] Web Skill OK: tab-management (navigation)
[2026-07-29T15:06:28.840Z] 
--- Cycle #87 (Tasks: 4,350/100,000) ---
[2026-07-29T15:06:28.840Z] Elapsed: 0.87h | Remaining: 719.13h
[2026-07-29T15:06:28.840Z] [Step 1/3] Resilience Simulation (100 tasks, 20 threads)...
[2026-07-29T15:06:31.319Z] Resilience: semantic=100.0%, delta=+80%
[2026-07-29T15:06:31.321Z] [Step 2/3] PyTorch 2D Training (space-invaders-2d)...
[2026-07-29T15:06:35.286Z] Game record failed: Unknown game target space-invaders-2d. Available targets: star-trooper, challenge-2026, nemesis, epic-shooter-3d.

[2026-07-29T15:06:35.286Z] [Step 3/3] Web Skill Training: infinite-scroll (dynamic) "infinite-scroll"...
[2026-07-29T15:06:41.539Z] Web Skill OK: infinite-scroll (dynamic)
[2026-07-29T15:06:42.545Z] 
--- Cycle #88 (Tasks: 4,400/100,000) ---
[2026-07-29T15:06:42.545Z] Elapsed: 0.87h | Remaining: 719.13h
[2026-07-29T15:06:42.545Z] [Step 1/3] Resilience Simulation (100 tasks, 20 threads)...
[2026-07-29T15:06:45.036Z] Resilience: semantic=100.0%, delta=+80%
[2026-07-29T15:06:45.038Z] [Step 2/3] PyTorch 3D Training (epic-shooter-3d)...
[2026-07-29T15:07:33.026Z] PyTorch Fit: loss=6.7171, valLoss=6.6628, accuracy=46.3%
[2026-07-29T15:07:33.027Z] [Step 3/3] Web Skill Training: lazy-load-detect (dynamic) "lazy-load-detect"...
[2026-07-29T15:07:39.221Z] Web Skill OK: lazy-load-detect (dynamic)
[2026-07-29T15:07:40.228Z] 
--- Cycle #89 (Tasks: 4,450/100,000) ---
[2026-07-29T15:07:40.228Z] Elapsed: 0.89h | Remaining: 719.11h
[2026-07-29T15:07:40.228Z] [Step 1/3] Resilience Simulation (100 tasks, 20 threads)...
[2026-07-29T15:07:42.714Z] Resilience: semantic=100.0%, delta=+80%
[2026-07-29T15:07:42.715Z] [Step 2/3] PyTorch 2D Training (space-invaders-2d)...
[2026-07-29T15:07:46.722Z] Game record failed: Unknown game target space-invaders-2d. Available targets: star-trooper, challenge-2026, nemesis, epic-shooter-3d.

[2026-07-29T15:07:46.722Z] [Step 3/3] Web Skill Training: wikipedia-search (search) "Antigravity Agentic Coding"...
[2026-07-29T15:07:52.846Z] Web Skill OK: wikipedia-search (search)
[2026-07-29T15:07:53.853Z] 
--- Cycle #90 (Tasks: 4,500/100,000) ---
[2026-07-29T15:07:53.853Z] Elapsed: 0.89h | Remaining: 719.11h
[2026-07-29T15:07:53.853Z] [Step 1/3] Resilience Simulation (100 tasks, 20 threads)...
[2026-07-29T15:07:56.280Z] Resilience: semantic=100.0%, delta=+80%
[2026-07-29T15:07:56.282Z] [Step 2/3] PyTorch 3D Training (epic-shooter-3d)...
[2026-07-29T15:08:48.645Z] PyTorch Fit: loss=6.7040, valLoss=6.5847, accuracy=68.4%
[2026-07-29T15:08:48.646Z] [Step 3/3] Web Skill Training: wikipedia-search (search) "Local Human Intent Controller"...
[2026-07-29T15:08:54.947Z] Web Skill OK: wikipedia-search (search)
[2026-07-29T15:08:54.949Z] [GitHub Sync] Pushing structured artifacts (iteration #90)...
[2026-07-29T15:08:55.254Z] [GitHub Sync] Push note: Command failed: git push origin training-results || git push -u origin training-results
fatal: could not read Username for 'https://github.com': No su
[2026-07-29T15:08:56.258Z] 
--- Cycle #91 (Tasks: 4,550/100,000) ---
[2026-07-29T15:08:56.258Z] Elapsed: 0.91h | Remaining: 719.09h
[2026-07-29T15:08:56.258Z] [Step 1/3] Resilience Simulation (100 tasks, 20 threads)...
[2026-07-29T15:08:58.949Z] Resilience: semantic=100.0%, delta=+80%
[2026-07-29T15:08:58.951Z] [Step 2/3] PyTorch 2D Training (space-invaders-2d)...
[2026-07-29T15:09:02.954Z] Game record failed: Unknown game target space-invaders-2d. Available targets: star-trooper, challenge-2026, nemesis, epic-shooter-3d.

[2026-07-29T15:09:02.954Z] [Step 3/3] Web Skill Training: wikipedia-search (search) "Deterministic Computer Automation"...
[2026-07-29T15:09:09.284Z] Web Skill OK: wikipedia-search (search)
[2026-07-29T15:09:10.290Z] 
--- Cycle #92 (Tasks: 4,600/100,000) ---
[2026-07-29T15:09:10.290Z] Elapsed: 0.91h | Remaining: 719.09h
[2026-07-29T15:09:10.290Z] [Step 1/3] Resilience Simulation (100 tasks, 20 threads)...
[2026-07-29T15:09:12.830Z] Resilience: semantic=100.0%, delta=+80%
[2026-07-29T15:09:12.832Z] [Step 2/3] PyTorch 3D Training (epic-shooter-3d)...
[2026-07-29T15:09:59.698Z] PyTorch Fit: loss=6.6652, valLoss=6.5459, accuracy=57.4%
[2026-07-29T15:09:59.698Z] [Step 3/3] Web Skill Training: wikipedia-search (search) "Verifier Evidence Framework"...
[2026-07-29T15:10:05.867Z] Web Skill OK: wikipedia-search (search)
[2026-07-29T15:10:06.875Z] 
--- Cycle #93 (Tasks: 4,650/100,000) ---
[2026-07-29T15:10:06.875Z] Elapsed: 0.93h | Remaining: 719.07h
[2026-07-29T15:10:06.875Z] [Step 1/3] Resilience Simulation (100 tasks, 20 threads)...
[2026-07-29T15:10:09.469Z] Resilience: semantic=100.0%, delta=+80%
[2026-07-29T15:10:09.471Z] [Step 2/3] PyTorch 2D Training (space-invaders-2d)...
[2026-07-29T15:10:13.480Z] Game record failed: Unknown game target space-invaders-2d. Available targets: star-trooper, challenge-2026, nemesis, epic-shooter-3d.

[2026-07-29T15:10:13.480Z] [Step 3/3] Web Skill Training: wikipedia-search (search) "Neural Network Behavior Cloning"...
[2026-07-29T15:10:19.651Z] Web Skill OK: wikipedia-search (search)
[2026-07-29T15:10:20.658Z] 
--- Cycle #94 (Tasks: 4,700/100,000) ---
[2026-07-29T15:10:20.658Z] Elapsed: 0.93h | Remaining: 719.07h
[2026-07-29T15:10:20.658Z] [Step 1/3] Resilience Simulation (100 tasks, 20 threads)...
[2026-07-29T15:10:23.614Z] Resilience: semantic=100.0%, delta=+80%
[2026-07-29T15:10:23.615Z] [Step 2/3] PyTorch 3D Training (epic-shooter-3d)...
[2026-07-29T15:11:10.814Z] PyTorch Fit: loss=6.6203, valLoss=6.4760, accuracy=67.4%
[2026-07-29T15:11:10.815Z] [Step 3/3] Web Skill Training: wikipedia-search (search) "Browser Automation Testing"...
[2026-07-29T15:11:17.214Z] Web Skill OK: wikipedia-search (search)
[2026-07-29T15:11:18.220Z] 
--- Cycle #95 (Tasks: 4,750/100,000) ---
[2026-07-29T15:11:18.220Z] Elapsed: 0.95h | Remaining: 719.05h
[2026-07-29T15:11:18.220Z] [Step 1/3] Resilience Simulation (100 tasks, 20 threads)...
[2026-07-29T15:11:20.600Z] Resilience: semantic=100.0%, delta=+80%
[2026-07-29T15:11:20.601Z] [Step 2/3] PyTorch 2D Training (space-invaders-2d)...
[2026-07-29T15:11:24.637Z] Game record failed: Unknown game target space-invaders-2d. Available targets: star-trooper, challenge-2026, nemesis, epic-shooter-3d.

[2026-07-29T15:11:24.637Z] [Step 3/3] Web Skill Training: mdn-search (docs) "MutationObserver"...
[2026-07-29T15:11:30.673Z] Web Skill OK: mdn-search (docs)
[2026-07-29T15:11:31.680Z] 
--- Cycle #96 (Tasks: 4,800/100,000) ---
[2026-07-29T15:11:31.681Z] Elapsed: 0.95h | Remaining: 719.05h
[2026-07-29T15:11:31.681Z] [Step 1/3] Resilience Simulation (100 tasks, 20 threads)...
[2026-07-29T15:11:34.381Z] Resilience: semantic=100.0%, delta=+80%
[2026-07-29T15:11:34.383Z] [Step 2/3] PyTorch 3D Training (epic-shooter-3d)...
[2026-07-29T15:12:25.231Z] PyTorch Fit: loss=6.6751, valLoss=6.6271, accuracy=35.0%
[2026-07-29T15:12:25.232Z] [Step 3/3] Web Skill Training: mdn-search (docs) "IntersectionObserver"...
[2026-07-29T15:12:31.313Z] Web Skill OK: mdn-search (docs)
[2026-07-29T15:12:32.319Z] 
--- Cycle #97 (Tasks: 4,850/100,000) ---
[2026-07-29T15:12:32.319Z] Elapsed: 0.97h | Remaining: 719.03h
[2026-07-29T15:12:32.319Z] [Step 1/3] Resilience Simulation (100 tasks, 20 threads)...
[2026-07-29T15:12:34.876Z] Resilience: semantic=100.0%, delta=+80%
[2026-07-29T15:12:34.878Z] [Step 2/3] PyTorch 2D Training (space-invaders-2d)...
[2026-07-29T15:12:38.873Z] Game record failed: Unknown game target space-invaders-2d. Available targets: star-trooper, challenge-2026, nemesis, epic-shooter-3d.

[2026-07-29T15:12:38.873Z] [Step 3/3] Web Skill Training: mdn-search (docs) "requestAnimationFrame"...
[2026-07-29T15:12:45.231Z] Web Skill OK: mdn-search (docs)
[2026-07-29T15:12:46.238Z] 
--- Cycle #98 (Tasks: 4,900/100,000) ---
[2026-07-29T15:12:46.238Z] Elapsed: 0.97h | Remaining: 719.03h
[2026-07-29T15:12:46.238Z] [Step 1/3] Resilience Simulation (100 tasks, 20 threads)...
[2026-07-29T15:12:48.899Z] Resilience: semantic=100.0%, delta=+80%
[2026-07-29T15:12:48.900Z] [Step 2/3] PyTorch 3D Training (epic-shooter-3d)...
[2026-07-29T15:13:36.064Z] PyTorch Fit: loss=6.5096, valLoss=6.3440, accuracy=67.2%
[2026-07-29T15:13:36.065Z] [Step 3/3] Web Skill Training: mdn-search (docs) "PerformanceObserver"...
[2026-07-29T15:13:42.157Z] Web Skill OK: mdn-search (docs)
[2026-07-29T15:13:43.163Z] 
--- Cycle #99 (Tasks: 4,950/100,000) ---
[2026-07-29T15:13:43.164Z] Elapsed: 0.99h | Remaining: 719.01h
[2026-07-29T15:13:43.164Z] [Step 1/3] Resilience Simulation (100 tasks, 20 threads)...
[2026-07-29T15:13:45.985Z] Resilience: semantic=100.0%, delta=+80%
[2026-07-29T15:13:45.987Z] [Step 2/3] PyTorch 2D Training (space-invaders-2d)...
[2026-07-29T15:13:50.004Z] Game record failed: Unknown game target space-invaders-2d. Available targets: star-trooper, challenge-2026, nemesis, epic-shooter-3d.

[2026-07-29T15:13:50.004Z] [Step 3/3] Web Skill Training: github-issues (project) "is:open label:bug"...
[2026-07-29T15:13:53.530Z] Web Skill note: Unknown public-web training scenario "github-issues". Choose one of: wikipedia-search, mdn-search, github-issue-filter, openstreetmap-place-search.

[2026-07-29T15:13:54.536Z] 
--- Cycle #100 (Tasks: 5,000/100,000) ---
[2026-07-29T15:13:54.536Z] Elapsed: 0.99h | Remaining: 719.01h
[2026-07-29T15:13:54.536Z] [Step 1/3] Resilience Simulation (100 tasks, 20 threads)...
[2026-07-29T15:13:57.116Z] Resilience: semantic=100.0%, delta=+80%
[2026-07-29T15:13:57.118Z] [Step 2/3] PyTorch 3D Training (epic-shooter-3d)...
[2026-07-29T15:14:48.435Z] PyTorch Fit: loss=6.7363, valLoss=6.6480, accuracy=68.6%
[2026-07-29T15:14:48.436Z] [Step 3/3] Web Skill Training: github-issues (project) "is:open label:enhancement"...
[2026-07-29T15:14:51.941Z] Web Skill note: Unknown public-web training scenario "github-issues". Choose one of: wikipedia-search, mdn-search, github-issue-filter, openstreetmap-place-search.

[2026-07-29T15:14:51.943Z] [GitHub Sync] Pushing structured artifacts (iteration #100)...
[2026-07-29T15:14:52.250Z] [GitHub Sync] Push note: Command failed: git push origin training-results || git push -u origin training-results
fatal: could not read Username for 'https://github.com': No su
[2026-07-29T15:14:53.255Z] 
--- Cycle #101 (Tasks: 5,050/100,000) ---
[2026-07-29T15:14:53.255Z] Elapsed: 1.01h | Remaining: 718.99h
[2026-07-29T15:14:53.255Z] [Step 1/3] Resilience Simulation (100 tasks, 20 threads)...
[2026-07-29T15:14:56.016Z] Resilience: semantic=100.0%, delta=+80%
[2026-07-29T15:14:56.017Z] [Step 2/3] PyTorch 2D Training (space-invaders-2d)...
[2026-07-29T15:15:00.048Z] Game record failed: Unknown game target space-invaders-2d. Available targets: star-trooper, challenge-2026, nemesis, epic-shooter-3d.

[2026-07-29T15:15:00.048Z] [Step 3/3] Web Skill Training: openstreetmap (geo) "search for Taipei 101"...
[2026-07-29T15:15:03.550Z] Web Skill note: Unknown public-web training scenario "openstreetmap". Choose one of: wikipedia-search, mdn-search, github-issue-filter, openstreetmap-place-search.

[2026-07-29T15:15:04.556Z] 
--- Cycle #102 (Tasks: 5,100/100,000) ---
[2026-07-29T15:15:04.556Z] Elapsed: 1.01h | Remaining: 718.99h
[2026-07-29T15:15:04.556Z] [Step 1/3] Resilience Simulation (100 tasks, 20 threads)...
[2026-07-29T15:15:07.119Z] Resilience: semantic=100.0%, delta=+80%
[2026-07-29T15:15:07.120Z] [Step 2/3] PyTorch 3D Training (epic-shooter-3d)...
[2026-07-29T15:15:58.587Z] PyTorch Fit: loss=6.6791, valLoss=6.6139, accuracy=68.3%
[2026-07-29T15:15:58.588Z] [Step 3/3] Web Skill Training: openstreetmap (geo) "search for Central Park"...
[2026-07-29T15:16:02.103Z] Web Skill note: Unknown public-web training scenario "openstreetmap". Choose one of: wikipedia-search, mdn-search, github-issue-filter, openstreetmap-place-search.

[2026-07-29T15:16:03.109Z] 
--- Cycle #103 (Tasks: 5,150/100,000) ---
[2026-07-29T15:16:03.109Z] Elapsed: 1.03h | Remaining: 718.97h
[2026-07-29T15:16:03.109Z] [Step 1/3] Resilience Simulation (100 tasks, 20 threads)...
[2026-07-29T15:16:05.704Z] Resilience: semantic=100.0%, delta=+80%
[2026-07-29T15:16:05.706Z] [Step 2/3] PyTorch 2D Training (space-invaders-2d)...
[2026-07-29T15:16:09.737Z] Game record failed: Unknown game target space-invaders-2d. Available targets: star-trooper, challenge-2026, nemesis, epic-shooter-3d.

[2026-07-29T15:16:09.738Z] [Step 3/3] Web Skill Training: product-search (commerce) "mechanical keyboard"...
[2026-07-29T15:16:16.580Z] Web Skill OK: product-search (commerce)
[2026-07-29T15:16:17.587Z] 
--- Cycle #104 (Tasks: 5,200/100,000) ---
[2026-07-29T15:16:17.587Z] Elapsed: 1.03h | Remaining: 718.97h
[2026-07-29T15:16:17.587Z] [Step 1/3] Resilience Simulation (100 tasks, 20 threads)...
[2026-07-29T15:16:20.222Z] Resilience: semantic=100.0%, delta=+80%
[2026-07-29T15:16:20.224Z] [Step 2/3] PyTorch 3D Training (epic-shooter-3d)...
[2026-07-29T15:17:07.331Z] PyTorch Fit: loss=6.6018, valLoss=6.4263, accuracy=67.5%
[2026-07-29T15:17:07.332Z] [Step 3/3] Web Skill Training: product-search (commerce) "wireless mouse"...
[2026-07-29T15:17:13.864Z] Web Skill OK: product-search (commerce)
[2026-07-29T15:17:14.870Z] 
--- Cycle #105 (Tasks: 5,250/100,000) ---
[2026-07-29T15:17:14.870Z] Elapsed: 1.05h | Remaining: 718.95h
[2026-07-29T15:17:14.870Z] [Step 1/3] Resilience Simulation (100 tasks, 20 threads)...
[2026-07-29T15:17:17.466Z] Resilience: semantic=100.0%, delta=+80%
[2026-07-29T15:17:17.467Z] [Step 2/3] PyTorch 2D Training (space-invaders-2d)...
[2026-07-29T15:17:21.453Z] Game record failed: Unknown game target space-invaders-2d. Available targets: star-trooper, challenge-2026, nemesis, epic-shooter-3d.

[2026-07-29T15:17:21.453Z] [Step 3/3] Web Skill Training: form-fill (interaction) "form-fill"...
[2026-07-29T15:17:27.658Z] Web Skill OK: form-fill (interaction)
[2026-07-29T15:17:28.664Z] 
--- Cycle #106 (Tasks: 5,300/100,000) ---
[2026-07-29T15:17:28.664Z] Elapsed: 1.05h | Remaining: 718.95h
[2026-07-29T15:17:28.664Z] [Step 1/3] Resilience Simulation (100 tasks, 20 threads)...
[2026-07-29T15:17:31.345Z] Resilience: semantic=100.0%, delta=+80%
[2026-07-29T15:17:31.347Z] [Step 2/3] PyTorch 3D Training (epic-shooter-3d)...
[2026-07-29T15:18:22.251Z] PyTorch Fit: loss=6.6064, valLoss=6.4853, accuracy=67.3%
[2026-07-29T15:18:22.252Z] [Step 3/3] Web Skill Training: multi-step-form (interaction) "multi-step-form"...
[2026-07-29T15:18:28.470Z] Web Skill OK: multi-step-form (interaction)
[2026-07-29T15:18:29.477Z] 
--- Cycle #107 (Tasks: 5,350/100,000) ---
[2026-07-29T15:18:29.477Z] Elapsed: 1.07h | Remaining: 718.93h
[2026-07-29T15:18:29.477Z] [Step 1/3] Resilience Simulation (100 tasks, 20 threads)...
[2026-07-29T15:18:32.131Z] Resilience: semantic=100.0%, delta=+80%
[2026-07-29T15:18:32.132Z] [Step 2/3] PyTorch 2D Training (space-invaders-2d)...
[2026-07-29T15:18:36.114Z] Game record failed: Unknown game target space-invaders-2d. Available targets: star-trooper, challenge-2026, nemesis, epic-shooter-3d.

[2026-07-29T15:18:36.114Z] [Step 3/3] Web Skill Training: multi-page-nav (navigation) "multi-page-nav"...
[2026-07-29T15:18:42.233Z] Web Skill OK: multi-page-nav (navigation)
[2026-07-29T15:18:43.239Z] 
--- Cycle #108 (Tasks: 5,400/100,000) ---
[2026-07-29T15:18:43.240Z] Elapsed: 1.07h | Remaining: 718.93h
[2026-07-29T15:18:43.240Z] [Step 1/3] Resilience Simulation (100 tasks, 20 threads)...
[2026-07-29T15:18:45.754Z] Resilience: semantic=100.0%, delta=+80%
[2026-07-29T15:18:45.755Z] [Step 2/3] PyTorch 3D Training (epic-shooter-3d)...
[2026-07-29T15:19:37.642Z] PyTorch Fit: loss=6.6955, valLoss=6.5917, accuracy=68.0%
[2026-07-29T15:19:37.643Z] [Step 3/3] Web Skill Training: tab-management (navigation) "tab-management"...
[2026-07-29T15:19:43.998Z] Web Skill OK: tab-management (navigation)
[2026-07-29T15:19:45.005Z] 
--- Cycle #109 (Tasks: 5,450/100,000) ---
[2026-07-29T15:19:45.005Z] Elapsed: 1.09h | Remaining: 718.91h
[2026-07-29T15:19:45.005Z] [Step 1/3] Resilience Simulation (100 tasks, 20 threads)...
[2026-07-29T15:19:47.630Z] Resilience: semantic=100.0%, delta=+80%
[2026-07-29T15:19:47.632Z] [Step 2/3] PyTorch 2D Training (space-invaders-2d)...
[2026-07-29T15:19:51.643Z] Game record failed: Unknown game target space-invaders-2d. Available targets: star-trooper, challenge-2026, nemesis, epic-shooter-3d.

[2026-07-29T15:19:51.643Z] [Step 3/3] Web Skill Training: infinite-scroll (dynamic) "infinite-scroll"...
[2026-07-29T15:19:57.959Z] Web Skill OK: infinite-scroll (dynamic)
[2026-07-29T15:19:58.965Z] 
--- Cycle #110 (Tasks: 5,500/100,000) ---
[2026-07-29T15:19:58.966Z] Elapsed: 1.09h | Remaining: 718.91h
[2026-07-29T15:19:58.966Z] [Step 1/3] Resilience Simulation (100 tasks, 20 threads)...
[2026-07-29T15:20:01.541Z] Resilience: semantic=100.0%, delta=+80%
[2026-07-29T15:20:01.542Z] [Step 2/3] PyTorch 3D Training (epic-shooter-3d)...
[2026-07-29T15:20:48.352Z] PyTorch Fit: loss=6.5317, valLoss=6.3324, accuracy=68.7%
[2026-07-29T15:20:48.353Z] [Step 3/3] Web Skill Training: lazy-load-detect (dynamic) "lazy-load-detect"...
[2026-07-29T15:20:54.759Z] Web Skill OK: lazy-load-detect (dynamic)
[2026-07-29T15:20:54.763Z] [GitHub Sync] Pushing structured artifacts (iteration #110)...
[2026-07-29T15:20:55.066Z] [GitHub Sync] Push note: Command failed: git push origin training-results || git push -u origin training-results
fatal: could not read Username for 'https://github.com': No su
[2026-07-29T15:20:56.070Z] 
--- Cycle #111 (Tasks: 5,550/100,000) ---
[2026-07-29T15:20:56.070Z] Elapsed: 1.11h | Remaining: 718.89h
[2026-07-29T15:20:56.070Z] [Step 1/3] Resilience Simulation (100 tasks, 20 threads)...
[2026-07-29T15:20:58.595Z] Resilience: semantic=100.0%, delta=+80%
[2026-07-29T15:20:58.597Z] [Step 2/3] PyTorch 2D Training (space-invaders-2d)...
[2026-07-29T15:21:02.597Z] Game record failed: Unknown game target space-invaders-2d. Available targets: star-trooper, challenge-2026, nemesis, epic-shooter-3d.

[2026-07-29T15:21:02.597Z] [Step 3/3] Web Skill Training: wikipedia-search (search) "Antigravity Agentic Coding"...
[2026-07-29T15:21:08.762Z] Web Skill OK: wikipedia-search (search)
[2026-07-29T15:21:09.769Z] 
--- Cycle #112 (Tasks: 5,600/100,000) ---
[2026-07-29T15:21:09.770Z] Elapsed: 1.11h | Remaining: 718.89h
[2026-07-29T15:21:09.770Z] [Step 1/3] Resilience Simulation (100 tasks, 20 threads)...
[2026-07-29T15:21:12.435Z] Resilience: semantic=100.0%, delta=+80%
[2026-07-29T15:21:12.436Z] [Step 2/3] PyTorch 3D Training (epic-shooter-3d)...
[2026-07-29T15:22:04.854Z] PyTorch Fit: loss=6.6180, valLoss=6.5148, accuracy=68.4%
[2026-07-29T15:22:04.855Z] [Step 3/3] Web Skill Training: wikipedia-search (search) "Local Human Intent Controller"...
[2026-07-29T15:22:11.144Z] Web Skill OK: wikipedia-search (search)
[2026-07-29T15:22:12.150Z] 
--- Cycle #113 (Tasks: 5,650/100,000) ---
[2026-07-29T15:22:12.150Z] Elapsed: 1.13h | Remaining: 718.87h
[2026-07-29T15:22:12.150Z] [Step 1/3] Resilience Simulation (100 tasks, 20 threads)...
[2026-07-29T15:22:14.682Z] Resilience: semantic=100.0%, delta=+80%
[2026-07-29T15:22:14.685Z] [Step 2/3] PyTorch 2D Training (space-invaders-2d)...
[2026-07-29T15:22:18.652Z] Game record failed: Unknown game target space-invaders-2d. Available targets: star-trooper, challenge-2026, nemesis, epic-shooter-3d.

[2026-07-29T15:22:18.652Z] [Step 3/3] Web Skill Training: wikipedia-search (search) "Deterministic Computer Automation"...
[2026-07-29T15:22:24.875Z] Web Skill OK: wikipedia-search (search)
[2026-07-29T15:22:25.882Z] 
--- Cycle #114 (Tasks: 5,700/100,000) ---
[2026-07-29T15:22:25.882Z] Elapsed: 1.13h | Remaining: 718.87h
[2026-07-29T15:22:25.882Z] [Step 1/3] Resilience Simulation (100 tasks, 20 threads)...
[2026-07-29T15:22:28.425Z] Resilience: semantic=100.0%, delta=+80%
[2026-07-29T15:22:28.427Z] [Step 2/3] PyTorch 3D Training (epic-shooter-3d)...
[2026-07-29T15:23:20.194Z] PyTorch Fit: loss=6.6194, valLoss=6.4852, accuracy=58.0%
[2026-07-29T15:23:20.195Z] [Step 3/3] Web Skill Training: wikipedia-search (search) "Verifier Evidence Framework"...
[2026-07-29T15:23:26.707Z] Web Skill OK: wikipedia-search (search)
[2026-07-29T15:23:27.713Z] 
--- Cycle #115 (Tasks: 5,750/100,000) ---
[2026-07-29T15:23:27.713Z] Elapsed: 1.15h | Remaining: 718.85h
[2026-07-29T15:23:27.713Z] [Step 1/3] Resilience Simulation (100 tasks, 20 threads)...
[2026-07-29T15:23:30.239Z] Resilience: semantic=100.0%, delta=+80%
[2026-07-29T15:23:30.241Z] [Step 2/3] PyTorch 2D Training (space-invaders-2d)...
[2026-07-29T15:23:34.236Z] Game record failed: Unknown game target space-invaders-2d. Available targets: star-trooper, challenge-2026, nemesis, epic-shooter-3d.

[2026-07-29T15:23:34.236Z] [Step 3/3] Web Skill Training: wikipedia-search (search) "Neural Network Behavior Cloning"...
[2026-07-29T15:23:40.616Z] Web Skill OK: wikipedia-search (search)
[2026-07-29T15:23:41.623Z] 
--- Cycle #116 (Tasks: 5,800/100,000) ---
[2026-07-29T15:23:41.623Z] Elapsed: 1.16h | Remaining: 718.84h
[2026-07-29T15:23:41.623Z] [Step 1/3] Resilience Simulation (100 tasks, 20 threads)...
[2026-07-29T15:23:44.021Z] Resilience: semantic=100.0%, delta=+80%
[2026-07-29T15:23:44.023Z] [Step 2/3] PyTorch 3D Training (epic-shooter-3d)...
[2026-07-29T15:24:35.436Z] PyTorch Fit: loss=6.6008, valLoss=6.4523, accuracy=68.4%
[2026-07-29T15:24:35.437Z] [Step 3/3] Web Skill Training: wikipedia-search (search) "Browser Automation Testing"...
[2026-07-29T15:24:41.617Z] Web Skill OK: wikipedia-search (search)
[2026-07-29T15:24:42.623Z] 
--- Cycle #117 (Tasks: 5,850/100,000) ---
[2026-07-29T15:24:42.624Z] Elapsed: 1.17h | Remaining: 718.83h
[2026-07-29T15:24:42.624Z] [Step 1/3] Resilience Simulation (100 tasks, 20 threads)...
[2026-07-29T15:24:45.182Z] Resilience: semantic=100.0%, delta=+80%
[2026-07-29T15:24:45.184Z] [Step 2/3] PyTorch 2D Training (space-invaders-2d)...
[2026-07-29T15:24:49.181Z] Game record failed: Unknown game target space-invaders-2d. Available targets: star-trooper, challenge-2026, nemesis, epic-shooter-3d.

[2026-07-29T15:24:49.182Z] [Step 3/3] Web Skill Training: mdn-search (docs) "MutationObserver"...
[2026-07-29T15:24:55.200Z] Web Skill OK: mdn-search (docs)
[2026-07-29T15:24:56.207Z] 
--- Cycle #118 (Tasks: 5,900/100,000) ---
[2026-07-29T15:24:56.207Z] Elapsed: 1.18h | Remaining: 718.82h
[2026-07-29T15:24:56.207Z] [Step 1/3] Resilience Simulation (100 tasks, 20 threads)...
[2026-07-29T15:24:58.835Z] Resilience: semantic=100.0%, delta=+80%
[2026-07-29T15:24:58.838Z] [Step 2/3] PyTorch 3D Training (epic-shooter-3d)...
[2026-07-29T15:25:45.725Z] PyTorch Fit: loss=6.6535, valLoss=6.5255, accuracy=67.3%
[2026-07-29T15:25:45.726Z] [Step 3/3] Web Skill Training: mdn-search (docs) "IntersectionObserver"...
[2026-07-29T15:25:51.722Z] Web Skill OK: mdn-search (docs)
[2026-07-29T15:25:52.728Z] 
--- Cycle #119 (Tasks: 5,950/100,000) ---
[2026-07-29T15:25:52.729Z] Elapsed: 1.19h | Remaining: 718.81h
[2026-07-29T15:25:52.729Z] [Step 1/3] Resilience Simulation (100 tasks, 20 threads)...
[2026-07-29T15:25:55.363Z] Resilience: semantic=100.0%, delta=+80%
[2026-07-29T15:25:55.366Z] [Step 2/3] PyTorch 2D Training (space-invaders-2d)...
[2026-07-29T15:25:59.387Z] Game record failed: Unknown game target space-invaders-2d. Available targets: star-trooper, challenge-2026, nemesis, epic-shooter-3d.

[2026-07-29T15:25:59.387Z] [Step 3/3] Web Skill Training: mdn-search (docs) "requestAnimationFrame"...
[2026-07-29T15:26:05.442Z] Web Skill OK: mdn-search (docs)
[2026-07-29T15:26:06.449Z] 
--- Cycle #120 (Tasks: 6,000/100,000) ---
[2026-07-29T15:26:06.449Z] Elapsed: 1.20h | Remaining: 718.80h
[2026-07-29T15:26:06.449Z] [Step 1/3] Resilience Simulation (100 tasks, 20 threads)...
[2026-07-29T15:26:08.875Z] Resilience: semantic=100.0%, delta=+80%
[2026-07-29T15:26:08.877Z] [Step 2/3] PyTorch 3D Training (epic-shooter-3d)...
[2026-07-29T15:26:56.199Z] PyTorch Fit: loss=6.6180, valLoss=6.4877, accuracy=66.0%
[2026-07-29T15:26:56.200Z] [Step 3/3] Web Skill Training: mdn-search (docs) "PerformanceObserver"...
[2026-07-29T15:27:02.542Z] Web Skill OK: mdn-search (docs)
[2026-07-29T15:27:02.545Z] [GitHub Sync] Pushing structured artifacts (iteration #120)...
[2026-07-29T15:27:02.838Z] [GitHub Sync] Push note: Command failed: git push origin training-results || git push -u origin training-results
fatal: could not read Username for 'https://github.com': No su
[2026-07-29T15:27:03.843Z] 
--- Cycle #121 (Tasks: 6,050/100,000) ---
[2026-07-29T15:27:03.843Z] Elapsed: 1.21h | Remaining: 718.79h
[2026-07-29T15:27:03.843Z] [Step 1/3] Resilience Simulation (100 tasks, 20 threads)...
[2026-07-29T15:27:06.381Z] Resilience: semantic=100.0%, delta=+80%
[2026-07-29T15:27:06.383Z] [Step 2/3] PyTorch 2D Training (space-invaders-2d)...
[2026-07-29T15:27:10.387Z] Game record failed: Unknown game target space-invaders-2d. Available targets: star-trooper, challenge-2026, nemesis, epic-shooter-3d.

[2026-07-29T15:27:10.387Z] [Step 3/3] Web Skill Training: github-issues (project) "is:open label:bug"...
[2026-07-29T15:27:13.907Z] Web Skill note: Unknown public-web training scenario "github-issues". Choose one of: wikipedia-search, mdn-search, github-issue-filter, openstreetmap-place-search.

[2026-07-29T15:27:14.913Z] 
--- Cycle #122 (Tasks: 6,100/100,000) ---
[2026-07-29T15:27:14.913Z] Elapsed: 1.22h | Remaining: 718.78h
[2026-07-29T15:27:14.913Z] [Step 1/3] Resilience Simulation (100 tasks, 20 threads)...
[2026-07-29T15:27:17.590Z] Resilience: semantic=100.0%, delta=+80%
[2026-07-29T15:27:17.591Z] [Step 2/3] PyTorch 3D Training (epic-shooter-3d)...
[2026-07-29T15:28:10.088Z] PyTorch Fit: loss=6.4271, valLoss=6.2036, accuracy=58.5%
[2026-07-29T15:28:10.089Z] [Step 3/3] Web Skill Training: github-issues (project) "is:open label:enhancement"...
[2026-07-29T15:28:13.607Z] Web Skill note: Unknown public-web training scenario "github-issues". Choose one of: wikipedia-search, mdn-search, github-issue-filter, openstreetmap-place-search.

